,featureid,id,coverherb_0m,coverherb_5cm,cover_0m,cover_5cm,Plot #,GPS #,Date Harvested,% Cover,Height 1,Height 2,Height 3,Height 4,Average Height,Wet Weight (g),Dry Weight (g),Site,Type,Tree Species,Bag Size,Average Bag Weight (g),Wet Weight Without Bag (g),Dry Weight Without Bag (g),Water Weight (g),Max Height (cm),Max Height (m),0,25,50,75,98,100,mean,std,nlayers,gapsize,maxpeakh,ptoh,cscore,FHD,VDR,VDRpeak,meanpeakh,stdpeakh,cvpeakh,herbh,PAIsum_0m,PAIsum_5cm,PAIsum_0mto1p5m,PAIsum_5cmto1p5m,PAImean_0mto1p5m,PAImean_5cmto1p5m,log(DryWeight)
0,Mpala01-13,13,0.5081967213114754,0.4590163934426229,0.5081967213114754,0.4590163934426229,13.0,13.0,14/01/2022,40.0,13.0,5.0,4.0,11.0,8.25,52.17,50.98,KLEE,OUT,,small,16.0905,36.0795,34.8895,1.19,13.0,0.13,0.0200435202568769,0.0287862494587898,0.0345760714262723,0.0543620325624942,0.0791176496446132,0.0822539553046226,0.0411383397877216,0.0171144232153892,1.0,0.0,0.02,0.2431494014595551,0.032258064516129,0.6897840967421709,0.8855887651443481,0.0,0.02,0.0,0.0,0.4329032979012269,1.3295943126674457,1.2287326054136618,1.3295943126674457,1.2287326054136618,0.1661992890834307,0.17553322934480883,3.552185924342199
1,Mpala01-1,1,0.3035714285714285,0.1964285714285714,0.3035714285714285,0.1964285714285714,1.0,1.0,14/01/2022,15.0,5.0,3.0,3.0,4.0,3.75,24.87,24.57,KLEE,OUT,,small,16.0905,8.7795,8.4795,0.3,5.0,0.05,0.0232484713196754,0.02466622274369,0.0301070287823677,0.0346483383327722,0.046513745188713,0.047814555466175,0.0311835333704948,0.0075868074782192,1.0,0.0,0.02,0.4182826715632309,0.0483870967741935,0.5810446926425498,1.0,0.0,0.02,0.0,0.0,0.2697242507933138,0.6640357725436651,0.4373784019296589,0.6640357725436651,0.4373784019296589,0.08300447156795814,0.06248262884709412,2.137651485801318
2,Mpala01-2,2,0.4,0.3333333333333333,0.4,0.3333333333333333,2.0,2.0,14/01/2022,70.0,14.0,8.0,12.0,17.0,12.75,90.56,87.44,KLEE,OUT,,small,16.0905,74.4695,71.3495,3.12,17.0,0.17,0.0246872343122959,0.0309796817600727,0.0412713754922151,0.0552528640255332,0.0724625400453806,0.0758378580212593,0.0440899841487407,0.0155871538445353,1.0,0.0,0.02,0.2637205285306645,0.032258064516129,0.6365141682948128,1.0,0.0,0.02,0.0,0.0,0.3591549823633619,0.9489159591902314,0.8109302162163285,0.9489159591902314,0.8109302162163285,0.11861449489877893,0.1158471737451898,4.267590336189812
3,Mpala01-3,3,0.3488372093023256,0.3255813953488372,0.3488372093023256,0.3255813953488372,3.0,3.0,14/01/2022,75.0,54.0,26.0,50.0,53.0,45.75,181.27,172.07,KLEE,OUT,,small,16.0905,165.1795,155.9795,9.2,54.0,0.54,0.023852813988924,0.0537935113534331,0.0823182240128517,0.1619381681084633,0.2058469656109809,0.2098085284233093,0.101744532585144,0.0626451298594474,1.0,0.0,0.02,0.0953250096661849,0.032258064516129,0.6310051928046935,1.0,0.0,0.02,0.0,0.0,0.354712504615901,0.8348695662345649,0.7878085714141766,0.8348695662345649,0.7878085714141766,0.10435869577932061,0.11254408163059666,5.049724588358043
4,Mpala01-4,4,0.9333333333333332,0.9333333333333332,0.9333333333333332,0.9333333333333332,4.0,4.0,14/01/2022,100.0,38.0,25.0,34.0,64.0,40.25,420.07,387.73,KLEE,IN,BO,big,32.334,387.736,355.396,32.34,64.0,0.64,0.0239022709429264,0.1362049058079719,0.1886895298957824,0.2575696408748626,0.3626022487878799,0.3747302591800689,0.1924780756235122,0.088898129761219,2.0,1.25,1.5,1.151265211162529,0.0806451612903225,1.0182318315643375,0.8531129956245422,0.4166666666666667,0.875,0.625,1.4,0.9149008971626728,2.719954105605034,2.719954105605034,2.719954105605034,2.719954105605034,0.33999426320062925,0.3885648722292906,5.873232660733184
5,Mpala01-5,5,0.3098591549295774,0.2253521126760563,0.3098591549295774,0.2253521126760563,5.0,5.0,14/01/2022,15.0,3.0,5.0,0.0,33.0,10.25,31.15,30.32,KLEE,OUT,,small,16.0905,15.0595,14.2295,0.83,33.0,0.33,0.0215629860758781,0.0326119475066661,0.0411827433854341,0.0481516225263476,0.1313501641154289,0.1433744579553604,0.0505091324448585,0.0313289351761341,1.0,0.0,0.02,0.1413387485091214,0.032258064516129,0.5335989651593098,1.0,0.0,0.02,0.0,0.0,0.2983397325155013,0.6872785979090454,0.5106933836176888,0.6872785979090454,0.5106933836176888,0.08590982473863068,0.07295619765966983,2.6553172744500064
6,Mpala01-6,6,0.27118556986022646,0.06664011531477193,0.2954545454545454,0.0909090909090909,6.0,6.0,14/01/2022,60.0,15.0,10.0,8.0,11.0,11.0,92.03,89.81,KLEE,OUT,,small,16.0905,75.9395,73.7195,2.22,15.0,0.15,0.0202985499054193,0.0237908591516315,0.0395500492304563,0.0551526974886655,0.0867700791358947,0.0902549177408218,0.0441080145537853,0.0230618529021739,1.0,0.0,0.02,0.235677536890296,0.0483870967741935,0.4500142385443806,1.0,0.0,0.02,0.0,0.0,0.188599491746373,0.6483035044663449,0.1906203596086498,0.6483035044663449,0.1906203596086498,0.08103793805829311,0.027231479944092828,4.300267350358654
7,Mpala01-7,7,0.5714285714285714,0.5357142857142857,0.5714285714285714,0.5357142857142857,7.0,7.0,14/01/2022,90.0,26.0,13.0,10.0,17.0,16.5,120.47,117.12,KLEE,IN,AD,small,16.0905,104.3795,101.0295,3.35,26.0,0.26,0.025415938347578,0.0519426064565777,0.0810177437961101,0.0956375189125537,0.1528121295571326,0.1725455224514007,0.0798190981149673,0.0337896049022674,2.0,1.5,1.75,0.9714651917377608,0.0967741935483871,1.3562377980535414,0.9325639009475708,0.4285714285714285,1.0,0.75,1.3333333333333333,0.480873151499136,1.607245593769084,1.5345103054273344,1.607245593769084,1.5345103054273344,0.2009056992211355,0.21921575791819062,4.6154125534023525
8,Mpala01-8,8,0.5,0.5,0.5,0.5,8.0,8.0,14/01/2022,100.0,19.0,23.0,17.0,15.0,18.5,197.14,193.03,KLEE,IN,AD,big,32.334,164.806,160.696,4.11,23.0,0.23,0.0213910024613142,0.0401317812502384,0.0529705211520195,0.0983533188700676,0.1287725901603698,0.1390086263418197,0.0655761212110519,0.0327176302671432,1.0,0.0,0.02,0.0235794648091172,0.0483870967741935,0.7648872673102411,1.0,0.0,0.02,0.0,0.0,0.4486117692628734,1.3862943611198906,1.3862943611198906,1.3862943611198906,1.3862943611198906,0.17328679513998632,0.19804205158855578,5.079514381332246
9,Mpala01-9,9,0.2571428571428571,0.2285714285714285,0.2571428571428571,0.2285714285714285,9.0,9.0,14/01/2022,10.0,3.0,3.0,3.0,0.0,2.25,22.88,22.86,KLEE,OUT,,small,16.0905,6.7895,6.7695,0.02,3.0,0.03,0.0240943133831024,0.030130872502923,0.0324647426605224,0.0463501662015914,0.0534577026963233,0.0544375851750373,0.0372007563710212,0.0101073961704969,1.0,0.0,0.02,0.36739322539184,0.0483870967741935,0.7603741834880299,1.0,0.0,0.02,0.0,0.0,0.272225611073582,0.5769974647166737,0.5190223909701691,0.5769974647166737,0.5190223909701691,0.07212468308958421,0.0741460558528813,1.9124272289530286
10,Mpala01-10,10,0.6595744680851063,0.6595744680851063,0.6595744680851063,0.6595744680851063,10.0,10.0,14/01/2022,100.0,60.0,59.0,37.0,29.0,46.25,511.3,502.4,KLEE,OUT,,big,32.334,478.966,470.066,8.9,60.0,0.6,0.0276491791009902,0.0861787721514701,0.188682273030281,0.255633071064949,0.2805905818939209,0.2809243202209472,0.1756464540958404,0.0877732783555984,1.0,0.0,0.25,0.8899193911135025,0.0483870967741935,1.0179493281856835,0.6956249475479126,0.0,0.25,0.0,0.0,0.6375135006617718,1.71735945388505,1.71735945388505,1.71735945388505,1.71735945388505,0.21466993173563126,0.24533706484072143,6.152873110377278
11,Mpala01-11,11,0.2857142857142857,0.2321428571428571,0.2857142857142857,0.2321428571428571,11.0,11.0,14/01/2022,30.0,5.0,0.0,15.0,4.0,6.0,32.86,32.65,KLEE,OUT,,small,16.0905,16.7695,16.5595,0.21,15.0,0.15,0.0211878400295972,0.0248748064041137,0.0339671671390533,0.0469888411462307,0.0514906887710094,0.0522834844887256,0.0356059968471527,0.0110381860285997,1.0,0.0,0.02,0.3825299747248631,0.032258064516129,0.5418526439168785,1.0,0.0,0.02,0.0,0.0,0.3020976643691707,0.6384227044492283,0.5283031500831735,0.6384227044492283,0.5283031500831735,0.07980283805615354,0.0754718785833105,2.8069599552645736
12,Mpala01-12,12,0.4453125,0.390625,0.4453125,0.390625,12.0,12.0,14/01/2022,100.0,33.0,17.0,18.0,21.0,22.25,211.21,202.53,KLEE,IN,AD,big,32.334,178.876,170.196,8.68,33.0,0.33,0.0238583348691463,0.0478311544284224,0.0729316435754299,0.0998908299952745,0.1553940817713737,0.1658940762281417,0.0780415683984756,0.0367121882736682,2.0,1.98,2.0,1.0261076140165504,0.0806451612903225,0.8828721405545725,1.0,0.495,1.01,0.99,1.02020202020202,0.4084203238723958,1.103122311105803,0.9906428744600508,1.103122311105803,0.9906428744600508,0.13789028888822538,0.14152041063715012,5.136950714100471
13,Mpala01-14,14,0.3684210526315789,0.2236842105263158,0.3684210526315789,0.2236842105263158,14.0,14.0,14/01/2022,25.0,4.0,0.0,0.0,14.0,4.5,49.55,48.62,KLEE,OUT,,small,16.0905,33.4595,32.5295,0.93,14.0,0.14,0.0206105839461088,0.0227224566042423,0.0273983273655176,0.0371794141829013,0.0414305892586708,0.0415864363312721,0.0295671187341213,0.0074539151974022,1.0,0.0,0.02,0.4814710960918268,0.032258064516129,0.5315315502943163,1.0,0.0,0.02,0.0,0.0,0.2974180739095742,0.8190839335426112,0.5063917927612233,0.8190839335426112,0.5063917927612233,0.1023854916928264,0.07234168468017475,3.482147369939836
14,Mpala01-15,15,0.15503048441735062,0.03307926490515553,0.1707317073170731,0.048780487804878,15.0,15.0,14/01/2022,10.0,2.0,0.0,0.0,0.0,0.5,23.04,22.74,KLEE,OUT,,small,16.0905,6.9495,6.6495,0.3,2.0,0.02,0.0200472474098205,0.0207050205208361,0.0213627936318516,0.0220205667428672,0.0226257180050015,0.0226783398538827,0.0213627927005291,0.0013155462220311,1.0,0.0,0.02,0.8818987689954639,0.0483870967741935,0.3083386903452212,1.0,0.0,0.02,0.0,0.0,0.1759687340278085,0.36012709764571826,0.10002084114932261,0.36012709764571826,0.10002084114932261,0.04501588720571478,0.014288691592760373,1.8945416638710808
15,Mpala01-16,16,0.6753246753246753,0.5844155844155844,0.6753246753246753,0.5844155844155844,16.0,16.0,14/01/2022,100.0,23.0,26.0,21.0,18.0,22.0,279.71,265.47,KLEE,IN,BA,big,32.334,247.376,233.136,14.24,26.0,0.26,0.0230000000447034,0.0385369285941123,0.0697459653019905,0.1069277599453926,0.1731194174289703,0.1886617839336395,0.0795855969190597,0.0457137040793895,1.0,0.0,0.25,1.3384884002580053,0.032258064516129,0.6788267084867274,0.8327710628509521,0.0,0.25,0.0,0.0,0.5128569868076547,1.9467593977165643,1.7561390381079145,1.9467593977165643,1.7561390381079145,0.24334492471457053,0.2508770054439878,5.451621974271498
16,Mpala01-17,17,0.3787878787878788,0.3636363636363636,0.3787878787878788,0.3636363636363636,17.0,17.0,14/01/2022,40.0,0.0,12.0,10.0,8.0,7.5,83.82,81.87,KLEE,OUT,,small,16.0905,67.7295,65.7795,1.95,12.0,0.12,0.0214812196791172,0.033247691579163,0.0519036762416362,0.0713227838277816,0.0934796819090843,0.1018389165401458,0.0532898418605327,0.0217861477285623,1.0,0.0,0.02,0.1963885779569916,0.032258064516129,0.6554817739013927,1.0,0.0,0.02,0.0,0.0,0.3766374453037798,0.934505191747691,0.9039702474861141,0.934505191747691,0.9039702474861141,0.11681314896846137,0.1291386067837306,4.186308239637465
17,Mpala01-18,18,0.53125,0.4375,0.53125,0.4375,18.0,18.0,14/01/2022,70.0,5.0,14.0,12.0,16.0,11.75,78.23,76.1,KLEE,IN,AD,small,16.0905,62.1395,60.0095,2.13,16.0,0.16,0.0202579870820045,0.030803695321083,0.0435694009065628,0.0509176738560199,0.0892522895336151,0.1058471649885177,0.0445645935833454,0.0191196519881486,2.0,2.73,2.75,1.0127755647439889,0.0806451612903225,1.38755376999654,0.9822632670402528,0.4963636363636363,1.385,1.365,1.0146520146520146,0.4071318281399446,1.3476084354336286,1.1507282898071236,1.3476084354336286,1.1507282898071236,0.16845105442920358,0.16438975568673195,4.0945028830220345
18,Mpala01-19,19,0.17622010834733473,0.044144636649221525,0.1886792452830188,0.0566037735849056,19.0,19.0,14/01/2022,20.0,0.0,4.0,0.0,5.0,2.25,36.33,35.35,KLEE,OUT,,small,16.0905,20.2395,19.2595,0.98,5.0,0.05,0.0201173387467861,0.0206126868724823,0.0211080349981784,0.0232499483972787,0.025220508724451,0.025391861796379,0.0222057458013296,0.0022889405954629,1.0,0.0,0.02,0.7876539404783632,0.032258064516129,0.217518571336808,1.0,0.0,0.02,0.0,0.0,0.1993743735846703,0.39983885037400513,0.11653781624795152,0.39983885037400513,0.11653781624795152,0.04997985629675064,0.016648259463993075,2.9580044454930197
19,Mpala01-20,20,0.45,0.425,0.45,0.425,20.0,20.0,14/01/2022,90.0,16.0,16.0,22.0,17.0,17.75,167.16,162.82,KLEE,OUT,,small,16.0905,151.0695,146.7295,4.34,22.0,0.22,0.0223932210355997,0.0462871231138706,0.0561665222048759,0.0737873911857605,0.0979984951019287,0.0999636054039001,0.0594314411282539,0.0211271345615386,1.0,0.0,0.02,0.2000728156931771,0.032258064516129,0.6818546087307835,1.0,0.0,0.02,0.0,0.0,0.4126173295707865,1.157406092338153,1.1067704763695734,1.157406092338153,1.1067704763695734,0.14467576154226913,0.1581100680527962,4.9885907555941325
20,Mpala01-21,21,0.3775510204081632,0.2857142857142857,0.3775510204081632,0.2857142857142857,21.0,21.0,14/01/2022,95.0,47.0,50.0,26.0,22.0,36.25,244.19,238.38,KLEE,OUT,,big,32.334,211.856,206.046,5.81,50.0,0.5,0.020606281235814,0.0380927789956331,0.0707054138183593,0.0991027373820543,0.1670383408665657,0.194769874215126,0.0756244286894798,0.0447396896779537,1.0,0.0,0.02,0.1120400756654785,0.0483870967741935,0.6517524266081576,1.0,0.0,0.02,0.0,0.0,0.3251038928665309,0.8656066911192901,0.6729444732424259,0.8656066911192901,0.6729444732424259,0.10820083638991126,0.09613492474891798,5.328099444832504
21,Mpala01-22,22,0.4545454545454545,0.3636363636363636,0.4545454545454545,0.3636363636363636,22.0,22.0,14/01/2022,40.0,20.0,12.0,0.0,6.0,9.5,102.86,100.61,KLEE,OUT,,small,16.0905,86.7695,84.5195,2.25,20.0,0.2,0.0219177864491939,0.0324631882831454,0.0445302240550518,0.0672481171786785,0.1213603535294532,0.1278018504381179,0.0540860071778297,0.0284826941788196,1.0,0.0,0.02,0.1564922568134806,0.032258064516129,0.6554817739013927,1.0,0.0,0.02,0.0,0.0,0.3766374453037798,1.0945906070947637,0.9039702474861141,1.0945906070947637,0.9039702474861141,0.13682382588684547,0.1291386067837306,4.436982276970774
22,Mpala01-23,23,0.3461538461538461,0.3269230769230769,0.3461538461538461,0.3269230769230769,23.0,23.0,14/01/2022,70.0,26.0,4.0,7.0,40.0,19.25,99.01,96.35,KLEE,OUT,,small,16.0905,82.9195,80.2595,2.66,40.0,0.4,0.0205908641219139,0.0433279536664485,0.0558212585747242,0.0692348629236221,0.0899618080258369,0.0901956036686897,0.0554646290838718,0.0205496363341808,1.0,0.0,0.02,0.2217402976032494,0.032258064516129,0.6319781608682513,1.0,0.0,0.02,0.0,0.0,0.3554805323516712,0.8306274858982303,0.7917913141840273,0.8306274858982303,0.7917913141840273,0.10382843573727879,0.11311304488343246,4.385265135066064
23,Mpala01-24,24,0.46,0.4,0.46,0.4,24.0,24.0,14/01/2022,20.0,3.0,0.0,5.0,13.0,5.25,33.59,32.3,KLEE,OUT,,small,16.0905,17.4995,16.2095,1.29,13.0,0.13,0.0205892082303762,0.0290859518572688,0.0352190490812063,0.0554408719763159,0.0669040466845035,0.0680000036954879,0.041275717318058,0.0143351778388023,1.0,0.0,0.02,0.2941176310748798,0.032258064516129,0.6730116670092565,1.0,0.0,0.02,0.0,0.0,0.3978643568478842,1.1454020549681565,1.0216512475319814,1.1454020549681565,1.0216512475319814,0.14317525687101956,0.1459501782188545,2.7855974901145526
24,Mpala01-25,25,0.3619047619047619,0.2952380952380952,0.3619047619047619,0.2952380952380952,25.0,25.0,14/01/2022,70.0,25.0,40.0,44.0,81.0,47.5,178.79,167.46,KLEE,OUT,,small,16.0905,162.6995,151.3695,11.33,81.0,0.81,0.0215976033359766,0.0258548380807042,0.0395925603806972,0.0567254796624183,0.176077464222908,0.1850112229585647,0.0508866049349308,0.0375154875218868,1.0,0.0,0.02,0.1115735762870638,0.0483870967741935,0.7263440503958352,1.0,0.0,0.02,0.0,0.0,0.3177877879753977,0.83777625688061,0.6997905139067071,0.83777625688061,0.6997905139067071,0.10472203211007625,0.09997007341524387,5.019723867604586
25,Mpala01-26,26,0.7960993575562283,0.7764915144189733,0.803921568627451,0.7843137254901961,26.0,26.0,14/01/2022,80.0,9.0,13.0,14.0,9.0,11.25,209.2,204.55,KLEE,IN,AD,big,32.334,176.866,172.216,4.65,14.0,0.14,0.0437106937170028,0.0634430265054106,0.0895030982792377,0.1092271022498607,0.5987587666511536,0.6811947822570801,0.1294337064027786,0.1411956846714019,3.0,1.75,2.75,0.973519888716386,0.1774193548387097,1.938718913278452,0.8139851689338684,0.2727272727272727,1.6666666666666667,1.047483757498045,1.59111456835146,0.7167556029473036,2.6480106160618195,2.60840536146946,2.6480106160618195,2.60840536146946,0.33100132700772744,0.37262933735278,5.148749502892145
26,Mpala01-27,27,0.32,0.24,0.32,0.24,27.0,27.0,14/01/2022,40.0,4.0,5.0,29.0,6.0,11.0,40.36,38.81,KLEE,OUT,,small,16.0905,24.2695,22.7195,1.55,29.0,0.29,0.0203082095831632,0.0276106628589332,0.0377377998083829,0.0419324273243546,0.0580752012133598,0.0619045011699199,0.036801990121603,0.0107114780694246,1.0,0.0,0.02,0.3230782838408236,0.032258064516129,0.5773540491432572,1.0,0.0,0.02,0.0,0.0,0.3199296026810048,0.7156369092816228,0.5488736914035206,0.7156369092816228,0.5488736914035206,0.08945461366020285,0.07841052734336008,3.1232235865685385
27,Mpala01-29,29,0.6119402985074627,0.582089552238806,0.6119402985074627,0.582089552238806,29.0,29.0,14/01/2022,80.0,27.0,22.0,19.0,36.0,26.0,279.24,269.1,KLEE,OUT,,big,32.334,246.906,236.766,10.14,36.0,0.36,0.0288651827722787,0.0390130840241909,0.0756934881210327,0.0956599526107311,0.1766809725761413,0.1819007694721222,0.0820028483867645,0.0445368066430091,1.0,0.0,0.25,1.3747217566047605,0.032258064516129,0.6796085823169076,0.8101364374160767,0.0,0.25,0.0,0.0,0.5109873288964719,1.8055869174221824,1.7449762184315245,1.8055869174221824,1.7449762184315245,0.2256983646777728,0.24928231691878922,5.4670723116200195
28,Mpala01-30,30,0.5147058823529411,0.4264705882352941,0.5147058823529411,0.4264705882352941,30.0,30.0,14/01/2022,35.0,12.0,9.0,0.0,14.0,8.75,55.46,54.21,KLEE,OUT,,small,16.0905,39.3695,38.1195,1.25,14.0,0.14,0.020540514960885,0.0371106155216693,0.0471933707594871,0.0835935547947883,0.1568937289714812,0.1681512296199798,0.0635996907949447,0.0402625389397144,1.0,0.0,0.02,0.1191780161432385,0.032258064516129,0.6822947159310485,0.939686954021454,0.0,0.02,0.0,0.0,0.4134892433406671,1.2966387583549508,1.1118921180929207,1.2966387583549508,1.1118921180929207,0.16207984479436885,0.1588417311561315,3.640725962225688
29,Mpala01-28,28,0.5813953488372093,0.5813953488372093,0.5813953488372093,0.5813953488372093,28.0,28.0,14/01/2022,90.0,49.0,50.0,45.0,30.0,43.5,183.72,173.03,KLEE,IN,AD,big,32.334,151.386,140.696,10.69,50.0,0.5,0.0241820160299539,0.039745083078742,0.0729031004011631,0.0948650408536195,0.1228709667921066,0.1254463046789169,0.0694168359041214,0.031391903758049,2.0,2.0,2.25,1.0184367524041722,0.064516129032258,1.3136415622946915,0.9572032690048218,0.4444444444444444,1.25,1.0,1.25,0.5180279383954243,1.7416567155947955,1.7416567155947955,1.7416567155947955,1.7416567155947955,0.21770708944934944,0.24880810222782793,4.946601534434063
30,Mpala02-53,53,0.0,0.0,0.0,0.0,53.0,53.0,15/01/2022,70.0,25.0,18.0,33.0,17.0,23.25,125.87,120.8,GLADE South,OUT,,small,16.0905,109.7795,104.7095,5.07,33.0,0.33,0.0201851446181535,0.022120407782495,0.0266767870634794,0.0378027278929948,0.0741996072232722,0.0902142152190208,0.0333137027919292,0.016114642843604,1.0,0.0,0.02,0.2216945517005748,0.032258064516129,0.6931471805599453,0.777781069278717,0.0,0.02,0.0,0.0,0.4576750724266006,0.0,0.0,0.0,0.0,0.0,0.0,4.651189849194855
31,Mpala02-55,55,0.0,0.0,0.0,0.0,55.0,55.0,15/01/2022,10.0,12.0,0.0,6.0,0.0,4.5,23.32,21.58,GLADE South,OUT,,small,16.0905,7.2295,5.4895,1.74,12.0,0.12,0.0212222225964069,0.0236843549646437,0.0249743415042758,0.0304122283123433,0.0323295549303293,0.0325722433626651,0.0265629533678293,0.0038183717988431,1.0,0.0,0.02,0.6168749403163566,0.032258064516129,0.4227090878059908,1.0,0.0,0.02,0.0,0.0,0.2572220998881959,0.0,0.0,0.0,0.0,0.0,0.0,1.70283717669265
32,Mpala02-54,54,0.0,0.0,0.0,0.0,54.0,54.0,15/01/2022,80.0,20.0,26.0,24.0,18.0,22.0,140.99,132.22,GLADE South,OUT,,small,16.0905,124.8995,116.1295,8.77,26.0,0.26,0.0266887079924345,0.0266887079924345,0.0266887079924345,0.0266887079924345,0.0266887079924345,0.0266887079924345,0.0266887079924345,0.0,1.0,0.0,0.02,0.7493805996779401,0.032258064516129,0.0965089607359473,1.0,0.0,0.02,0.0,0.0,0.1815717519276252,0.0,0.0,0.0,0.0,0.0,0.0,4.754705947728721
33,Mpala02-56,56,0.0,0.0,0.0,0.0,56.0,56.0,15/01/2022,60.0,14.0,26.0,3.0,11.0,13.5,64.75,57.78,GLADE South,IN,AE,small,16.0905,48.6595,41.6895,6.97,26.0,0.26,0.0203480627387762,0.0227099638432264,0.0233095064759254,0.0287896459922194,0.058551125973463,0.0640254169702529,0.0287671573460102,0.0119930543005466,3.0,1.25,2.25,0.9534264753534176,0.1129032258064516,1.2770483429692188,0.9940559267997742,0.5555555555555556,1.09,0.912615289520544,1.194369645694461,0.2858863164208062,0.0,0.0,0.0,0.0,0.0,0.0,3.730249298537024
34,Mpala02-57,57,0.0,0.0,0.0,0.0,57.0,57.0,15/01/2022,15.0,13.0,0.0,10.0,17.0,10.0,46.3,44.28,GLADE South,IN,AE,small,16.0905,30.2095,28.1895,2.02,17.0,0.17,0.0212855171412229,0.0244453642517328,0.0295611340552568,0.0365948937833309,0.0446031419932842,0.0452995114028453,0.0314372852444648,0.0086513301357626,2.0,1.98,2.0,0.6499205505437754,0.1612903225806451,1.900370948230617,0.4923396110534668,0.495,1.01,0.99,1.02020202020202,0.2489052425602213,0.0,0.0,0.0,0.0,0.0,0.0,3.338949568182628
35,Mpala02-58,58,0.0,0.0,0.0,0.0,58.0,58.0,15/01/2022,0.0,0.0,0.0,0.0,0.0,0.0,0.0,0.0,GLADE South,OUT,,,0.0,0.0,0.0,0.0,0.0,0.0,0.0203170254826545,0.0203187298029661,0.0205252347514033,0.0211105248890817,0.0221575399860739,0.0222485847771167,0.0209040194749832,0.0007943855016492,1.0,0.0,0.02,0.8989335816348417,0.032258064516129,0.2640520518256287,1.0,0.0,0.02,0.0,0.0,0.2088389055074661,0.0,0.0,0.0,0.0,0.0,0.0,0.0
36,Mpala02-59,59,0.5182426632324831,0.07379821878803863,0.5277777777777778,0.0833333333333333,59.0,59.0,15/01/2022,30.0,10.0,7.0,18.0,22.0,14.25,44.34,42.13,GLADE South,OUT,,small,16.0905,28.2495,26.0395,2.21,22.0,0.22,0.0203501097857952,0.0226044170558452,0.0260086674243211,0.0291731171309947,0.0419825272262096,0.0438719056546688,0.0276460256427526,0.0068009332753717,1.0,0.0,0.02,0.4882918132349848,0.032258064516129,0.3226617101246003,1.0,0.0,0.02,0.0,0.0,0.2236830838549867,1.3495960837834973,0.17402275397925937,1.3495960837834973,0.17402275397925937,0.16869951047293716,0.02486039342560848,3.259614615927144
37,Mpala02-48,48,0.0,0.0,0.0,0.0,48.0,48.0,15/01/2022,70.0,5.0,16.0,38.0,19.0,19.5,64.15,61.5,GLADE South,,AE,small,16.0905,48.0595,45.4095,2.65,38.0,0.38,0.0200801808387041,0.0255316314287483,0.0331801865249872,0.0393960271030664,0.0711338844895362,0.0760770216584205,0.0366047099232673,0.0163717586547136,3.0,2.0,3.5,1.0169465318723003,0.1451612903225806,1.732127828307118,0.6948598623275757,0.5714285714285714,1.6733333333333331,1.4259811437120136,1.1734610522109918,0.2726144686409401,0.0,0.0,0.0,0.0,0.0,0.0,3.8157213342586656
38,Mpala02-45,45,1.0,0.8,1.0,0.8,45.0,45.0,15/01/2022,20.0,0.0,0.0,6.0,6.0,3.0,34.76,33.68,GLADE South,OUT,,small,16.0905,18.6695,17.5895,1.08,6.0,0.06,0.0206783954054117,0.0224528117105364,0.025267120450735,0.0276000052690505,0.0351993335038423,0.0429310984909534,0.0258947182446718,0.0042159552685916,1.0,0.0,0.02,0.5443746963880692,0.032258064516129,0.6254913597255729,0.7361013889312744,0.0,0.02,0.0,0.0,0.3504831857575474,3.665162927496621,3.2188758248682015,3.665162927496621,3.2188758248682015,0.4581453659370776,0.4598394035526002,2.8673021331038475
39,Mpala02-44,44,1.0,0.0,1.0,0.0,44.0,44.0,15/01/2022,60.0,4.0,6.0,0.0,9.0,4.75,30.38,30.12,GLADE South,OUT,,small,16.0905,14.2895,14.0295,0.26,9.0,0.09,0.0,0.0,0.0,0.0,0.0,0.0,0.0,0.0,1.0,0.0,0.02,1.017288034877305,0.0161290322580645,-0.0,1.0,0.0,0.02,0.0,0.0,0.1731898427359353,inf,0.0,inf,0.0,inf,0.0,2.641162255560578
40,Mpala02-46,46,0.965613286356283,0.16561328635628297,1.0,0.2,46.0,46.0,15/01/2022,60.0,34.0,24.0,3.0,24.0,21.25,91.68,58.82,GLADE South,OUT,,small,16.0905,75.5895,42.7295,32.86,34.0,0.34,0.0224857237190008,0.0233598710037767,0.0237731989473104,0.0243180315010249,0.025485199727118,0.0255866926163434,0.0239047035574913,0.0011075783986598,1.0,0.0,0.02,0.78165632033368,0.032258064516129,0.2711893730418441,1.0,0.0,0.02,0.0,0.0,0.2104552793097254,3.665162927496621,0.44628710262841936,3.665162927496621,0.44628710262841936,0.4581453659370776,0.06375530037548847,3.7548895482067093
41,Mpala02-47,47,0.7142857142857143,0.4285714285714285,0.7142857142857143,0.4285714285714285,47.0,47.0,15/01/2022,40.0,33.0,24.0,24.0,22.0,25.75,68.48,69.85,GLADE South,,AE,small,16.0905,52.3895,53.7595,-1.37,33.0,0.33,0.0258044619113206,0.0525820078328251,0.0719376914203167,0.0823247022926807,0.0983199974894523,0.1019999980926513,0.0653962418437004,0.0205829869955778,3.0,1.5,2.75,0.9431385896044246,0.1451612903225806,1.9549856699526007,0.4094940423965454,0.3636363636363636,1.5833333333333333,1.0274023338281628,1.541103500742244,0.4855939580859565,1.7921760491132712,1.119231575870845,1.7921760491132712,1.119231575870845,0.2240220061391589,0.15989022512440645,3.9845203955764052
42,Mpala02-49,49,0.5848503439128017,0.20023495929741694,0.6153846153846154,0.2307692307692307,49.0,49.0,15/01/2022,80.0,22.0,9.0,22.0,15.0,17.0,167.01,156.75,GLADE South,OUT,,small,16.0905,150.9195,140.6595,10.26,22.0,0.22,0.0233455654233694,0.0245365612208843,0.0254200585186481,0.0287221958860754,0.0302111860364675,0.0302672255784273,0.0264196470379829,0.0026315429713577,1.0,0.0,0.02,0.6607807494009235,0.032258064516129,0.3078447159601636,1.0,0.0,0.02,0.0,0.0,0.2195675094330923,1.4957441604983839,0.524728528934982,1.4957441604983839,0.524728528934982,0.18696802006229798,0.07496121841928315,4.946342076202717
43,Mpala02-51,51,0.5454545454545454,0.0,0.5454545454545454,0.0,51.0,51.0,15/01/2022,0.0,0.0,0.0,0.0,0.0,0.0,0.0,0.0,GLADE South,OUT,,,0.0,0.0,0.0,0.0,0.0,0.0,0.0219981130212545,0.0219981130212545,0.0219981130212545,0.0219981130212545,0.0219981130212545,0.0219981130212545,0.0219981130212545,0.0,1.0,0.0,0.02,0.9091688901078032,0.032258064516129,0.079487003203037,1.0,0.0,0.02,0.0,0.0,0.1797099175844067,1.57691472072854,0.0,1.57691472072854,0.0,0.1971143400910675,0.0,0.0
44,Mpala02-50,50,0.6666666666666666,0.6666666666666666,0.6666666666666666,0.6666666666666666,50.0,50.0,15/01/2022,10.0,0.0,0.0,7.0,0.0,1.75,20.71,20.37,GLADE South,OUT,,small,16.0905,4.6195,4.2795,0.34,7.0,0.07,0.0200869031250476,0.0259630074724555,0.032319251447916,0.0384194711223244,0.0574776595085859,0.0607626028358936,0.0331235267221927,0.0092799440026283,1.0,0.0,0.25,4.126698438487614,0.032258064516129,0.6894083317065154,0.6462652087211609,0.0,0.25,0.0,0.0,0.4841924736925533,2.197224577336219,2.197224577336219,2.197224577336219,2.197224577336219,0.2746530721670274,0.3138892253337456,1.4538361803395272
45,Mpala02-52,52,0.0,0.0,0.0,0.0,52.0,52.0,15/01/2022,80.0,12.0,18.0,15.0,11.0,14.0,100.23,97.6,GLADE South,OUT,,small,16.0905,84.1395,81.5095,2.63,18.0,0.18,0.0,0.0,0.0,0.0,0.0,0.0,0.0,0.0,1.0,0.0,0.02,1.2532613628047404,0.0161290322580645,-0.0,1.0,0.0,0.02,0.0,0.0,0.1731898427359353,0.0,0.0,0.0,0.0,0.0,0.0,4.400719577870891
46,Mpala02-42,42,0.0,0.0,0.0,0.0,42.0,42.0,15/01/2022,60.0,24.0,4.0,26.0,30.0,21.0,149.08,136.23,GLADE South,,AE,small,16.0905,132.9895,120.1395,12.85,30.0,0.3,0.0207164883613586,0.0281435595825314,0.0319783501327037,0.034900601953268,0.0441766096651554,0.0451924726366996,0.0319965183734893,0.007235896307975,2.0,1.48,1.5,0.6684839823043026,0.1129032258064516,1.737984031948463,0.522314190864563,0.4933333333333333,0.76,0.74,1.027027027027027,0.2816616105107719,0.0,0.0,0.0,0.0,0.0,0.0,4.788653567602134
47,Mpala02-37,37,0.0,0.0,0.0,0.0,37.0,37.0,15/01/2022,40.0,23.0,3.0,16.0,0.0,10.5,97.65,93.59,GLADE South,OUT,,small,16.0905,81.5595,77.4995,4.06,23.0,0.23,0.0,0.0,0.0,0.0,0.0,0.0,0.0,0.0,1.0,0.0,0.02,1.2489548236078512,0.0161290322580645,-0.0,1.0,0.0,0.02,0.0,0.0,0.1731898427359353,0.0,0.0,0.0,0.0,0.0,0.0,4.350271484725587
48,Mpala02-36,36,0.0,0.0,0.0,0.0,36.0,36.0,15/01/2022,50.0,20.0,0.0,21.0,17.0,14.5,66.97,63.71,GLADE South,,AE,small,16.0905,50.8795,47.6195,3.26,21.0,0.21,0.0244814809411764,0.0261254981160163,0.0271631469950079,0.0316933710128068,0.0476858302205801,0.0499244816601276,0.0305497255176305,0.0074518038891255,4.0,1.73,4.0,0.9518470414270482,0.2258064516129032,2.206929680116846,0.3751622140407562,0.40625,2.1925,1.4861590594549428,1.4752795039341964,0.2762914362680729,0.0,0.0,0.0,0.0,0.0,0.0,3.8632423412135894
49,Mpala02-35,35,0.0,0.0,0.0,0.0,35.0,35.0,15/01/2022,70.0,3.0,0.0,15.0,11.0,7.25,54.82,53.85,GLADE South,OUT,,small,16.0905,38.7295,37.7595,0.97,15.0,0.15,0.022383177652955,0.0239241952076554,0.0274340286850929,0.035464771091938,0.0389786681532859,0.0391344204545021,0.0296756494790315,0.0064810323528945,1.0,0.0,0.02,0.51105905664943,0.032258064516129,0.3642146573019666,1.0,0.0,0.02,0.0,0.0,0.2368423453207573,0.0,0.0,0.0,0.0,0.0,0.0,3.6312370996642067
50,Mpala02-34,34,0.0,0.0,0.0,0.0,34.0,34.0,15/01/2022,40.0,0.0,0.0,11.0,24.0,8.75,54.39,53.26,GLADE South,OUT,,small,16.0905,38.2995,37.1695,1.13,24.0,0.24,0.0227817054837942,0.0267744231969118,0.0394394248723983,0.0610000006854534,0.0778982689976692,0.0806201174855232,0.0439683571457862,0.0182933714240789,1.0,0.0,0.02,0.2480770386323408,0.0483870967741935,0.779889290720744,0.8717596530914307,0.0,0.02,0.0,0.0,0.3907162151909117,0.0,0.0,0.0,0.0,0.0,0.0,3.6154885325103185
51,Mpala02-60,60,0.0,0.0,0.0,0.0,60.0,60.0,15/01/2022,10.0,12.0,2.0,0.0,0.0,3.5,19.41,19.3,GLADE South,OUT,,small,16.0905,3.3195,3.2095,0.11,12.0,0.12,0.0223830379545688,0.0418146289885044,0.0495003759860992,0.0555743016302585,0.0658649235963821,0.0659229606389999,0.0477030836045742,0.0114878471940755,1.0,0.0,0.02,0.3033844324668881,0.032258064516129,0.6921137666782082,0.7640529274940491,0.0,0.02,0.0,0.0,0.4438929177976518,0.0,0.0,0.0,0.0,0.0,0.0,1.1661151617696959
52,Mpala02-32,32,0.4545454545454545,0.3636363636363636,0.4545454545454545,0.3636363636363636,32.0,32.0,15/01/2022,5.0,0.0,0.0,0.0,4.0,1.0,19.24,19.19,GLADE South,OUT,,small,16.0905,3.1495,3.0995,0.05,4.0,0.04,0.0210780072957277,0.0332757532596588,0.0488944910466671,0.067915640771389,0.0814218568801879,0.0821707099676132,0.0514770671725273,0.0189907439053058,1.0,0.0,0.25,3.0424466345554886,0.032258064516129,0.6916588387203567,0.6967062950134277,0.0,0.25,0.0,0.0,0.474363647915321,1.0945906070947637,0.9039702474861141,1.0945906070947637,0.9039702474861141,0.13682382588684547,0.1291386067837306,1.131240808159837
53,Mpala02-33,33,0.5,0.5,0.5,0.5,33.0,33.0,15/01/2022,5.0,0.0,0.0,0.0,0.0,0.0,18.86,18.85,GLADE South,OUT,,small,16.0905,2.7695,2.7595,0.01,0.0,0.0,0.0263904742896556,0.0305181718431413,0.0380255244672298,0.0460109645500779,0.0667529486119747,0.0680000036954879,0.0400594323873519,0.012037687934935,1.0,0.0,0.02,0.2941176310748798,0.032258064516129,0.6600602334155767,0.8534426093101501,0.0,0.02,0.0,0.0,0.3815496328073625,1.3862943611198906,1.3862943611198906,1.3862943611198906,1.3862943611198906,0.17328679513998632,0.19804205158855578,1.015049503897419
54,Mpala02-31,31,0.6666666666666666,0.4444444444444444,0.6666666666666666,0.4444444444444444,31.0,31.0,15/01/2022,5.0,0.0,0.0,0.0,4.0,1.0,18.38,18.36,GLADE South,OUT,,small,16.0905,2.2895,2.2695,0.02,4.0,0.04,0.0206836853176355,0.0403586458414793,0.0603278875350952,0.068582396954298,0.0789906114339828,0.0797088220715522,0.053938552737236,0.0178350359201431,1.0,0.0,0.02,0.2513158262705885,0.032258064516129,0.6740507779895553,0.8138137459754944,0.0,0.02,0.0,0.0,0.3993910426462076,1.67820218636605,1.175573329804238,1.67820218636605,1.175573329804238,0.20977527329575624,0.16793904711489113,0.8195595429143832
55,Mpala02-39,39,0.1785714285714285,0.0714285714285714,0.1785714285714285,0.0714285714285714,39.0,39.0,15/01/2022,70.0,16.0,32.0,28.0,27.0,25.75,100.62,94.3,GLADE South,,AE,small,16.0905,84.5295,78.2095,6.32,32.0,0.32,0.0207105483859777,0.0219287369400262,0.0237712757661938,0.0245427889749407,0.0314759211614728,0.0322182402014732,0.024430975317955,0.0037675800267606,3.0,2.23,4.25,0.8536098131342551,0.1774193548387097,1.9425778121227493,0.2872362732887268,0.4705882352941176,2.1733333333333333,1.727740978529157,1.2579046051124594,0.2552524953944233,0.37487331492144993,0.14821594430744367,0.37487331492144993,0.14821594430744367,0.04685916436518124,0.02117370632963481,4.359391123548717
56,Mpala02-40,40,0.2,0.0,0.2,0.0,40.0,40.0,15/01/2022,0.0,0.0,0.0,0.0,0.0,0.0,0.0,0.0,GLADE South,OUT,,,0.0,0.0,0.0,0.0,0.0,0.0,0.0224310122430324,0.0224310122430324,0.0224310122430324,0.0224310122430324,0.0224310122430324,0.0224310122430324,0.0224310122430324,0.0,1.0,0.0,0.02,0.8916227133803301,0.032258064516129,0.098039113279732,1.0,0.0,0.02,0.0,0.0,0.1817462751176403,0.44628710262841936,0.0,0.44628710262841936,0.0,0.05578588782855242,0.0,0.0
57,Mpala02-41,41,0.4012671975721029,0.03618783249273782,0.4126984126984127,0.0476190476190476,41.0,41.0,15/01/2022,20.0,4.0,0.0,4.0,0.0,2.0,24.26,24.18,GLADE South,OUT,,small,16.0905,8.1695,8.0895,0.08,4.0,0.04,0.0212063137441873,0.0235077468678355,0.0258091799914836,0.0266819559037685,0.0274849097430706,0.0275547318160533,0.0248567406088113,0.0026778047904372,1.0,0.0,0.02,0.7258281493542971,0.032258064516129,0.1914440819577173,1.0,0.0,0.02,0.0,0.0,0.1947872309399237,1.0060908728940567,0.09758032833886389,1.0060908728940567,0.09758032833886389,0.1257613591117571,0.013940046905551983,2.090566924463254
58,Mpala02-38,38,0.0,0.0,0.0,0.0,38.0,38.0,15/01/2022,70.0,17.0,3.0,8.0,12.0,10.0,68.1,67.16,GLADE South,OUT,,small,16.0905,52.0095,51.0695,0.94,17.0,0.17,0.0205521117895841,0.0215103235095739,0.0224685352295637,0.0234267469495534,0.024308301731944,0.0243849586695432,0.0224685352295637,0.0019164234399795,1.0,0.0,0.02,0.8201777280426534,0.032258064516129,0.1788449127168475,1.0,0.0,0.02,0.0,0.0,0.1927330249978251,0.0,0.0,0.0,0.0,0.0,0.0,3.9331874501279755
59,Mpala02-43,43,0.0,0.0,0.0,0.0,43.0,43.0,15/01/2022,70.0,16.0,27.0,25.0,21.0,22.25,70.17,66.54,GLADE South,OUT,,small,16.0905,54.0795,50.4495,3.63,27.0,0.27,0.0200919862836599,0.0201641749590635,0.0205066092312335,0.0218024952337145,0.0358041402697563,0.0376964583992958,0.0231754835695028,0.0059692882932722,1.0,0.0,0.02,0.5305538198881201,0.032258064516129,0.3724807184521905,1.0,0.0,0.02,0.0,0.0,0.2397897412174902,0.0,0.0,0.0,0.0,0.0,0.0,3.9209728359477305
60,Mpala03-61,61,0.4166666666666667,0.3541666666666667,0.4166666666666667,0.3541666666666667,61.0,61.0,17/01/2022,50.0,3.0,13.0,44.0,48.0,27.0,152.57,138.62,Airstrip,OUT,,small,16.0905,136.4795,122.5295,13.95,48.0,0.48,0.0236654262989759,0.089965671300888,0.1145465895533561,0.1640108376741409,0.1925762379169464,0.1957384645938873,0.1152252182364463,0.0562049932777881,1.0,0.0,0.02,0.1021771578800081,0.032258064516129,0.6499878819913242,1.0,0.0,0.02,0.0,0.0,0.3711541595682577,1.003504655120632,0.8744276128454895,1.003504655120632,0.8744276128454895,0.125438081890079,0.1249182304064985,4.808351817319715
61,Mpala03-62,62,0.32762508000877133,0.11892942783485835,0.3478260869565217,0.1391304347826087,62.0,62.0,17/01/2022,60.0,10.0,0.0,10.0,21.0,10.25,59.67,57.4,Airstrip,OUT,,small,16.0905,43.5795,41.3095,2.27,21.0,0.21,0.0200581047683954,0.0258349431678652,0.0308969179168343,0.0354639962315559,0.0592000015079974,0.06700000166893,0.0322137884795665,0.0107889091596007,1.0,0.0,0.02,0.3680078413008335,0.0483870967741935,0.549063417907881,1.0,0.0,0.02,0.0,0.0,0.2166052103895002,0.7677698001501201,0.2996245564573202,0.7677698001501201,0.2996245564573202,0.09597122501876501,0.04280350806533146,3.721092497728549
62,Mpala03-63,63,0.3064516129032258,0.1612903225806451,0.3064516129032258,0.1612903225806451,63.0,63.0,17/01/2022,70.0,37.0,30.0,7.0,45.0,29.75,218.58,200.57,Airstrip,OUT,,big,32.334,186.246,168.236,18.01,45.0,0.45,0.0221118833869695,0.0314606949687004,0.0417807288467884,0.0920367091894149,0.1605123309791088,0.1697620749473571,0.0651688426733017,0.0465570762753486,1.0,0.0,0.02,0.1178119436052013,0.032258064516129,0.441803348010016,1.0,0.0,0.02,0.0,0.0,0.2633157966322824,0.665466275913268,0.3517813329273283,0.665466275913268,0.3517813329273283,0.0831832844891585,0.050254476132475474,5.125367755553075
63,Mpala03-64,64,0.543859649122807,0.543859649122807,0.543859649122807,0.543859649122807,64.0,64.0,17/01/2022,100.0,36.0,41.0,55.0,56.0,47.0,246.66,226.5,Airstrip,OUT,,big,32.334,214.326,194.166,20.16,56.0,0.56,0.0205143690109252,0.0367247518151998,0.0494840517640113,0.0725421532988548,0.1200254544615745,0.131808340549469,0.0566613860428333,0.0270942542701959,1.0,0.0,0.25,1.89669332727979,0.032258064516129,0.689294893666163,0.8237624168395996,0.0,0.25,0.0,0.0,0.4845944134349672,1.5699094596261363,1.5699094596261363,1.5699094596261363,1.5699094596261363,0.19623868245326703,0.2242727799465909,5.2687134632894566
64,Mpala03-65,65,0.7627118644067796,0.7457627118644068,0.7627118644067796,0.7457627118644068,65.0,65.0,17/01/2022,100.0,63.0,59.0,57.0,59.0,59.5,345.5,309.63,Airstrip,OUT,,big,32.334,313.166,277.296,35.87,63.0,0.63,0.0274816062301397,0.0457884753122925,0.1039092727005481,0.1453340724110603,0.2479715427756309,0.2535077631473541,0.1087247654795646,0.0653061643242836,1.0,0.0,0.25,0.9861630937695772,0.0483870967741935,0.6478364610013747,0.7812995314598083,0.0,0.25,0.0,0.0,0.6296093423605397,2.6782751767690773,2.644086310050477,2.6782751767690773,2.644086310050477,0.33478439709613467,0.37772661572149674,5.625085527707019
65,Mpala03-66,66,0.5151515151515151,0.4545454545454545,0.5151515151515151,0.4545454545454545,66.0,66.0,17/01/2022,90.0,25.0,30.0,33.0,29.0,29.25,204.53,182.31,Airstrip,OUT,,big,32.334,172.196,149.976,22.22,33.0,0.33,0.0209165159612894,0.0412967130541801,0.0681670904159545,0.0889708660542965,0.1233572347462176,0.1423320472240448,0.0675713941454887,0.0295058246701955,1.0,0.0,0.02,0.1405164921749352,0.032258064516129,0.6890092384766586,0.93369060754776,0.0,0.02,0.0,0.0,0.4302229124993504,1.337312321103299,1.2122716071406308,1.337312321103299,1.2122716071406308,0.16716404013791236,0.17318165816294726,5.01047528129489
66,Mpala03-68,68,0.22828055991386956,0.01161389324720286,0.2333333333333333,0.0166666666666666,68.0,68.0,17/01/2022,40.0,5.0,7.0,5.0,7.0,6.0,62.22,56.58,Airstrip,OUT,,small,16.0905,46.1295,40.4895,5.64,7.0,0.07,0.0360637120902538,0.0360637120902538,0.0360637120902538,0.0360637120902538,0.0360637120902538,0.0360637120902538,0.0360637120902538,0.0,1.0,0.0,0.02,0.5545740812800293,0.032258064516129,0.0847660757148099,1.0,0.0,0.02,0.0,0.0,0.1802717268114001,0.5220081576568465,0.03361423663276235,0.5220081576568465,0.03361423663276235,0.06525101970710581,0.004802033804680335,3.7010426812397426
67,Mpala03-67,67,0.2079169459660396,0.02273176078085439,0.2222222222222222,0.037037037037037,67.0,67.0,17/01/2022,10.0,0.0,5.0,2.0,0.0,1.75,38.87,36.18,Airstrip,OUT,,small,16.0905,22.7795,20.0895,2.69,5.0,0.05,0.0209567379206419,0.0242790728807449,0.0276014078408479,0.0292766261845827,0.0308178270608186,0.0309518445283174,0.0265033300966024,0.0041537028737366,1.0,0.0,0.02,0.6565891795074644,0.0483870967741935,0.3153962874226617,1.0,0.0,0.02,0.0,0.0,0.1611642344491059,0.4850694812577204,0.07548065596569394,0.4850694812577204,0.07548065596569394,0.06063368515721505,0.01078295085224199,3.0001972905131495
68,Mpala03-69,69,0.0588235294117647,0.0,0.0588235294117647,0.0,69.0,69.0,17/01/2022,5.0,0.0,1.0,4.0,4.0,2.25,20.07,19.55,Airstrip,OUT,,small,16.0905,3.9795,3.4595,0.52,4.0,0.04,0.0,0.0,0.0,0.0,0.0,0.0,0.0,0.0,1.0,0.0,0.02,6.5220961736339484,0.032258064516129,0.1326914208398717,1.0,0.0,0.02,0.0,0.0,0.1523734559973276,0.12124924363286971,0.0,0.12124924363286971,0.0,0.015156155454108713,0.0,1.2411240699567285
69,Mpala03-70,70,0.8978102189781022,0.8978102189781022,0.8978102189781022,0.8978102189781022,70.0,70.0,17/01/2022,100.0,37.0,36.0,35.0,37.0,36.25,366.16,333.85,Airstrip,IN,AM,big,32.334,333.826,301.516,32.31,37.0,0.37,0.022936237975955,0.0717808008193969,0.1062744259834289,0.1426014713943004,0.253504947721958,0.2866145372390747,0.1124688312411308,0.0537936389446258,1.0,0.0,0.25,0.8822133228923922,0.0483870967741935,0.4306356018396421,0.6587395071983337,0.0,0.25,0.0,0.0,0.7091655327018861,4.217817415298246,4.217817415298246,4.217817415298246,4.217817415298246,0.5272271769122807,0.6025453450426065,5.70882308275255
70,Mpala03-71,71,0.7629596117836633,0.7629596117836633,0.7653061224489796,0.7653061224489796,71.0,71.0,17/01/2022,90.0,53.0,44.0,44.0,33.0,43.5,312.55,276.9,Airstrip,IN,AM,big,32.334,280.216,244.566,35.65,53.0,0.53,0.0299086775630712,0.0668289978057146,0.108889665454626,0.217157032340765,0.4255958908796307,0.5354457497596741,0.1563502550125122,0.1161059588193893,1.0,0.0,0.25,0.4669007086380055,0.0806451612903225,1.061552064984253,0.8613017201423645,0.0,0.25,0.0,0.0,0.6925104886997533,2.223576997877267,2.223576997877267,2.223576997877267,2.223576997877267,0.2779471247346584,0.31765385683960956,5.499485211138351
71,Mpala03-72,72,0.2602739726027397,0.0,0.2602739726027397,0.0,72.0,72.0,17/01/2022,0.0,0.0,0.0,0.0,0.0,0.0,0.0,0.0,Airstrip,OUT,,,0.0,0.0,0.0,0.0,0.0,0.0,0.0,0.0,0.0,0.0,0.0,0.0,0.0,0.0,1.0,0.0,0.02,1.0600706999565297,0.0161290322580645,-0.0,1.0,0.0,0.02,0.0,0.0,0.1731898427359353,0.6029507891682333,0.0,0.6029507891682333,0.0,0.07536884864602916,0.0,0.0
72,Mpala03-73,73,0.6551724137931034,0.6206896551724138,0.6551724137931034,0.6206896551724138,73.0,73.0,17/01/2022,70.0,45.0,33.0,30.0,23.0,32.75,175.55,156.56,Airstrip,IN,AM,big,32.334,143.216,124.226,18.99,45.0,0.45,0.0235114507377147,0.0375071465969085,0.0540585070848465,0.0789413675665855,0.1546389251947404,0.1884489208459854,0.0614752061665058,0.0338615588843822,2.0,0.75,1.0,0.7746672037385413,0.0967741935483871,1.3634455418328113,0.958700954914093,0.375,0.625,0.375,1.6666666666666667,0.5992491661683723,2.008983753998747,1.9388011143762072,2.008983753998747,1.9388011143762072,0.2511229692498434,0.2769715877680296,4.822102487365423
73,Mpala03-74,74,0.3333333333333333,0.2745098039215686,0.3333333333333333,0.2745098039215686,74.0,74.0,17/01/2022,30.0,8.0,3.0,33.0,0.0,11.0,82.56,67.96,Airstrip,OUT,,small,16.0905,66.4695,51.8695,14.6,33.0,0.33,0.0228119529783725,0.0361811462789773,0.0535416193306446,0.0704739615321159,0.0828557096421718,0.083456739783287,0.0527017936110496,0.0203434713184833,1.0,0.0,0.02,0.2396451149653605,0.032258064516129,0.5876929781664841,1.0,0.0,0.02,0.0,0.0,0.3257430031350981,0.7630646837930721,0.6418154401602024,0.7630646837930721,0.6418154401602024,0.09538308547413402,0.09168792002288606,3.948730948833525
74,Mpala03-75,75,0.5934065934065934,0.5494505494505495,0.5934065934065934,0.5494505494505495,75.0,75.0,17/01/2022,100.0,48.0,41.0,44.0,44.0,44.25,313.87,218.69,Airstrip,OUT,,big,32.334,281.536,186.356,95.18,48.0,0.48,0.0204687193036079,0.0430455775931477,0.0641889460384845,0.1077643278986215,0.205182847380638,0.2294465452432632,0.0787890255451202,0.0516562946140766,1.0,0.0,0.25,1.1193727988381432,0.032258064516129,0.688248462491752,0.9026697874069214,0.0,0.25,0.0,0.0,0.4880567925713091,1.6844776553496172,1.5945748796250847,1.6844776553496172,1.5945748796250847,0.21055970691870216,0.2277964113750121,5.227658822884805
75,Mpala03-76,76,0.75,0.7083333333333334,0.75,0.7083333333333334,76.0,76.0,17/01/2022,100.0,31.0,30.0,30.0,45.0,34.0,230.9,216.54,Airstrip,IN,AM,big,32.334,198.566,184.206,14.36,45.0,0.45,0.02310536429286,0.0659259185194969,0.082788236439228,0.1161225587129592,0.2312400788068771,0.2607961893081665,0.0960850566625595,0.0552342236042022,2.0,1.0,1.25,0.9238046363085732,0.0967741935483871,1.1572216781513518,0.94056636095047,0.4,0.75,0.5,1.5,0.6658757722551606,2.3674630350114034,2.2823438061738117,2.3674630350114034,2.2823438061738117,0.29593287937642543,0.32604911516768736,5.216054696580611
76,Mpala03-78,78,0.3,0.2333333333333333,0.3,0.2333333333333333,78.0,78.0,17/01/2022,30.0,9.0,30.0,30.0,25.0,23.5,88.03,80.53,Airstrip,OUT,,big,32.334,55.696,48.196,7.5,30.0,0.3,0.0216014180332422,0.0293654543347656,0.040110059082508,0.0705764610320329,0.1206414081156253,0.1234102845191955,0.0533048808574676,0.0317953936755657,1.0,0.0,0.02,0.1620610476502803,0.0483870967741935,0.6235676513174672,1.0,0.0,0.02,0.0,0.0,0.2910861667911871,0.6693920744399141,0.5314063314660112,0.6693920744399141,0.5314063314660112,0.08367400930498926,0.07591519020943018,3.87527603006103
77,Mpala03-77,77,0.15534130776305438,0.012484164905911475,0.1607142857142857,0.0178571428571428,77.0,77.0,17/01/2022,15.0,15.0,8.0,2.0,2.0,6.75,27.45,25.66,Airstrip,OUT,,small,16.0905,11.3595,9.5695,1.79,15.0,0.15,0.0336963273584842,0.0336963273584842,0.0336963273584842,0.0336963273584842,0.0336963273584842,0.0336963273584842,0.0336963273584842,0.0,1.0,0.0,0.02,0.5935364939694022,0.032258064516129,0.0895780266675439,1.0,0.0,0.02,0.0,0.0,0.1807960439881403,0.3443383706598732,0.0360370110053565,0.3443383706598732,0.0360370110053565,0.04304229633248415,0.005148144429336643,2.2585809574959907
78,Mpala03-79,79,0.6216216216216216,0.5405405405405406,0.6216216216216216,0.5405405405405406,79.0,79.0,17/01/2022,100.0,69.0,77.0,60.0,55.0,65.25,282.35,256.46,Airstrip,OUT,,big,32.334,250.016,224.126,25.89,77.0,0.77,0.0212130267173051,0.0413300804793834,0.0657957140356302,0.1170466542243957,0.1866558054089545,0.2112623453140258,0.0837589278817176,0.0503908470273017,1.0,0.0,0.25,1.1970671637012198,0.032258064516129,0.689856498589211,0.8586076498031616,0.0,0.25,0.0,0.0,0.4825422582482263,1.7245239132321428,1.5554091371760168,1.7245239132321428,1.5554091371760168,0.21556548915401785,0.22220130531085955,5.412208393711215
79,Mpala03-80,80,0.11036480982790911,0.03719407812059201,0.1219512195121951,0.048780487804878,80.0,80.0,17/01/2022,15.0,5.0,0.0,3.0,17.0,6.25,55.05,52.77,Airstrip,OUT,,big,32.334,22.716,20.436,2.28,17.0,0.17,0.0224484130740165,0.0225115180946886,0.0225746231153607,0.0226377281360328,0.0226957847550511,0.0227008331567049,0.0225746221840381,0.0001262100413441,1.0,0.0,0.02,0.8810249325185148,0.032258064516129,0.1949086871878175,1.0,0.0,0.02,0.0,0.0,0.1953700783385915,0.2519926551051668,0.10002084114932261,0.2519926551051668,0.10002084114932261,0.03149908188814585,0.014288691592760373,3.017298051468552
80,Mpala03-81,81,0.4047619047619047,0.3571428571428571,0.4047619047619047,0.3571428571428571,81.0,81.0,17/01/2022,35.0,20.0,6.0,30.0,3.0,14.75,56.03,51.12,Airstrip,OUT,,small,16.0905,39.9395,35.0295,4.91,30.0,0.3,0.0222694501280784,0.0312040662392973,0.0466921180486679,0.0639484599232673,0.0746690163016319,0.0776855573058128,0.0475319549441337,0.0176646187901496,1.0,0.0,0.02,0.2574481112527656,0.032258064516129,0.6517565611726532,1.0,0.0,0.02,0.0,0.0,0.3728755089704541,0.9812458328969424,0.8836655045580784,0.9812458328969424,0.8836655045580784,0.1226557291121178,0.12623792922258262,3.556190563627654
81,Mpala03-82,82,0.0666666666666666,0.0,0.0666666666666666,0.0,82.0,82.0,17/01/2022,35.0,6.0,6.0,18.0,14.0,11.0,37.42,35.73,Airstrip,OUT,,small,16.0905,21.3295,19.6395,1.69,18.0,0.18,0.0,0.0,0.0,0.0,0.0,0.0,0.0,0.0,1.0,0.0,0.02,1.1764952741509611,0.0161290322580645,-0.0,1.0,0.0,0.02,0.0,0.0,0.1731898427359353,0.13798574297390287,0.0,0.13798574297390287,0.0,0.01724821787173786,0.0,2.9775428443537804
82,Mpala03-83,83,0.6964142073145173,0.6693871802874902,0.7027027027027027,0.6756756756756757,83.0,83.0,17/01/2022,95.0,49.0,55.0,39.0,47.0,47.5,298.86,269.54,Airstrip,IN,AM,big,32.334,266.526,237.206,29.32,55.0,0.55,0.0336519666016101,0.1311890855431556,0.4469558596611023,0.6466298401355743,0.8126109540462494,0.8346172571182251,0.4166412055492401,0.2700437009334564,1.0,0.0,0.25,0.2995384984767779,0.0967741935483871,1.5928709567958252,0.827071487903595,0.0,0.25,0.0,0.0,0.9709157088296424,1.5823472512591703,1.5275493028829414,1.5823472512591703,1.5275493028829414,0.1977934064073963,0.21822132898327734,5.468928961913267
83,Mpala03-84,84,0.6363636363636364,0.6363636363636364,0.6363636363636364,0.6363636363636364,84.0,84.0,17/01/2022,100.0,40.0,34.0,53.0,69.0,49.0,333.28,307.21,Airstrip,OUT,,big,32.334,300.946,274.876,26.07,69.0,0.69,0.0371488332748413,0.0833406560122966,0.1153159290552139,0.1584219336509704,0.2605504202842712,0.2621680498123169,0.1248442754149437,0.0606068298220634,1.0,0.0,0.25,0.9535868317248122,0.0483870967741935,0.8192299997020129,0.7137519717216492,0.0,0.25,0.0,0.0,0.5704606704052544,1.8806757833139787,1.8806757833139787,1.8806757833139787,1.8806757833139787,0.23508447291424733,0.26866796904485407,5.6163200868855885
84,Mpala03-85,85,0.8466666666666667,0.8466666666666667,0.8466666666666667,0.8466666666666667,85.0,85.0,17/01/2022,100.0,33.0,36.0,39.0,45.0,38.25,412.1,372.35,Airstrip,IN,AM,big,32.334,379.766,340.016,39.75,45.0,0.45,0.0351590067148208,0.1151702273637056,0.37950000166893,0.6736505329608917,0.9939799976348876,1.0160000324249268,0.4213642477989197,0.3103255331516266,1.0,0.0,0.25,0.246504557965997,0.0967741935483871,1.5255226688321644,0.6781495809555054,0.0,0.25,0.0,0.0,1.2891825696513115,1.9926498125015337,1.9926498125015335,1.9926498125015337,1.9926498125015337,0.24908122656269172,0.28466425892879055,5.828992675326505
85,Mpala03-86,86,0.21844970900502358,0.01436807635196238,0.2244897959183673,0.0204081632653061,86.0,86.0,17/01/2022,15.0,13.0,0.0,11.0,9.0,8.25,31.03,29.3,Airstrip,OUT,,small,16.0905,14.9395,13.2095,1.73,13.0,0.13,0.0309105049818754,0.0309105049818754,0.0309105049818754,0.0309105049818754,0.0309105049818754,0.0309105049818754,0.0309105049818754,0.0,1.0,0.0,0.02,0.6470292223218977,0.032258064516129,0.099623389466162,1.0,0.0,0.02,0.0,0.0,0.1819282204866162,0.4977558783674318,0.041238574405471407,0.4977558783674318,0.041238574405471407,0.062219484795928974,0.0058912249150673435,2.5809362677043497
86,Mpala03-87,87,0.5161290322580645,0.4838709677419355,0.5161290322580645,0.4838709677419355,87.0,87.0,17/01/2022,100.0,17.0,27.0,27.0,23.0,23.5,208.49,199.92,Airstrip,IN,AM,big,32.334,176.156,167.586,8.57,27.0,0.27,0.0256735496222972,0.0387728372588753,0.056249726563692,0.07491410151124,0.1196597160398959,0.1314344555139541,0.0616116747260093,0.0263609532266855,2.0,1.75,2.0,1.0308272391457347,0.1129032258064516,1.4012989616428222,0.97262841463089,0.4375,1.125,0.875,1.2857142857142858,0.5669245388776725,1.3883766101367117,1.32279696449073,1.3883766101367117,1.32279696449073,0.17354707626708896,0.18897099492724714,5.1214966523394025
87,Mpala03-88,88,0.2461538461538461,0.0,0.2461538461538461,0.0,88.0,88.0,17/01/2022,5.0,0.0,0.0,0.0,0.0,0.0,18.06,17.29,Airstrip,OUT,,small,16.0905,1.9695,1.1995,0.77,0.0,0.0,0.0,0.0,0.0,0.0,0.0,0.0,0.0,0.0,1.0,0.0,0.02,1.0767458372112355,0.0161290322580645,-0.0,1.0,0.0,0.02,0.0,0.0,0.1731898427359353,0.565133943570021,0.0,0.565133943570021,0.0,0.07064174294625263,0.0,0.18190480329761222
88,Mpala03-89,89,0.6477518512444586,0.6305104719341138,0.6551724137931034,0.6379310344827587,89.0,89.0,17/01/2022,100.0,46.0,42.0,26.0,47.0,40.25,255.83,233.39,Airstrip,IN,AM,big,32.334,223.496,201.056,22.44,47.0,0.47,0.0287915114313364,0.0616651959717273,0.1075732856988906,0.1607512384653091,0.6346520733833313,0.638265073299408,0.1434993892908096,0.1344538033008575,2.0,1.0,1.25,0.9383354596015898,0.1129032258064516,1.537696274214143,0.9094029068946838,0.4,0.75,0.5,1.5,0.6424018430446499,1.8589209928318107,1.8241375074080723,1.8589209928318107,1.8241375074080723,0.23236512410397633,0.26059107248686747,5.3035834762205365
89,Mpala03-90,90,0.2594726275526056,0.0594726275526056,0.2727272727272727,0.0727272727272727,90.0,90.0,17/01/2022,20.0,2.0,1.0,15.0,0.0,4.5,30.81,28.62,Airstrip,OUT,,small,16.0905,14.7195,12.5295,2.19,15.0,0.15,0.0216549597680568,0.0224722567945718,0.023728541098535,0.0255168317817151,0.0277370826527476,0.0279301479458808,0.0242605470120906,0.0023852174635976,1.0,0.0,0.02,0.7160721109946566,0.032258064516129,0.2606370995339223,1.0,0.0,0.02,0.0,0.0,0.2080821846351153,0.5973022076447096,0.15101510501629034,0.5973022076447096,0.15101510501629034,0.0746627759555887,0.02157358643089862,2.528085863881934
90,Mpala05-91,91,0.4032258064516129,0.1935483870967742,0.4032258064516129,0.1935483870967742,91.0,91.0,19/01/2022,70.0,8.0,6.0,34.0,27.0,18.75,93.99,86.96,North,OUT,,small,16.0905,77.8995,70.8695,7.03,34.0,0.34,0.0208477135747671,0.0250910907052457,0.0288615450263023,0.0431809220463037,0.0581568700075149,0.0615773648023605,0.0339747108519077,0.0110110091045498,1.0,0.0,0.02,0.3491050060573597,0.032258064516129,0.4913274484505221,1.0,0.0,0.02,0.0,0.0,0.2808560333919121,0.9008509331028212,0.43022275923389114,0.9008509331028212,0.43022275923389114,0.11260636663785265,0.06146039417627016,4.260840157625837
91,Mpala05-92,92,0.16324247932162533,0.011456765035911051,0.1696428571428571,0.0178571428571428,92.0,92.0,19/01/2022,25.0,0.0,8.0,0.0,0.0,2.0,28.38,25.19,North,OUT,,small,16.0905,12.2895,9.0995,3.19,8.0,0.08,0.0224663019180297,0.0226570004597306,0.0228476990014314,0.0230383975431323,0.023213840201497,0.0232290960848331,0.0228476990014314,0.0003813970834016,1.0,0.0,0.02,0.8740970909901661,0.0483870967741935,0.1788313601195989,1.0,0.0,0.02,0.0,0.0,0.1675631336625348,0.36528097039446394,0.0360370110053565,0.36528097039446394,0.0360370110053565,0.04566012129930799,0.005148144429336643,2.2082194669583246
92,Mpala05-95,95,0.3680313336789246,0.03019349584108668,0.3783783783783784,0.0405405405405405,95.0,95.0,19/01/2022,0.0,0.0,0.0,0.0,0.0,0.0,0.0,0.0,North,OUT,,,0.0,0.0,0.0,0.0,0.0,0.0,0.0199999995529651,0.0203199423849582,0.0209288150072097,0.0216074511408805,0.0220910941809415,0.0220933742821216,0.0209824256598949,0.0007965359836816,1.0,0.0,0.02,0.905885026171193,0.032258064516129,0.1696582265023086,1.0,0.0,0.02,0.0,0.0,0.1912977664050986,0.907260022512795,0.08277043232570849,0.907260022512795,0.08277043232570849,0.11340750281409938,0.011824347475101213,0.0
93,Mpala05-93,93,0.2727272727272727,0.0,0.2727272727272727,0.0,93.0,93.0,19/01/2022,0.0,0.0,0.0,0.0,0.0,0.0,0.0,0.0,North,OUT,,,0.0,0.0,0.0,0.0,0.0,0.0,0.0,0.0,0.0,0.0,0.0,0.0,0.0,0.0,1.0,0.0,0.02,1.1804761148021157,0.032258064516129,0.0445379124397734,1.0,0.0,0.02,0.0,0.0,0.1677728730142058,0.6369074622370692,0.0,0.6369074622370692,0.0,0.07961343277963365,0.0,0.0
94,Mpala05-94,94,0.16467502634853487,0.00974544888374617,0.1690140845070422,0.0140845070422535,94.0,94.0,19/01/2022,30.0,0.0,0.0,5.0,4.0,2.25,28.52,23.79,North,OUT,,small,16.0905,12.4295,7.6995,4.73,5.0,0.05,0.0206623841077089,0.0206623841077089,0.0206623841077089,0.0206623841077089,0.0206623841077089,0.0206623841077089,0.0206623841077089,0.0,1.0,0.0,0.02,0.9748445867547844,0.032258064516129,0.0740225961475812,1.0,0.0,0.02,0.0,0.0,0.1791431802715752,0.36503989962234235,0.028369269983912825,0.36503989962234235,0.028369269983912825,0.04562998745279279,0.00405275285484469,2.0411553916863308
95,Mpala05-96,96,0.2738395648301589,0.03613464679737205,0.2868852459016393,0.0491803278688524,96.0,96.0,19/01/2022,0.0,0.0,0.0,0.0,0.0,0.0,0.0,0.0,North,OUT,,,0.0,0.0,0.0,0.0,0.0,0.0,0.0204828046262264,0.0220766668207943,0.0223926659673452,0.0232959599234163,0.0272371742874383,0.0276443473994731,0.0230801459401845,0.0022342975717037,1.0,0.0,0.02,0.7880919182179368,0.0483870967741935,0.2432198022976656,1.0,0.0,0.02,0.0,0.0,0.1889896981890435,0.6437048104137848,0.10086170725378371,0.6437048104137848,0.10086170725378371,0.0804631013017231,0.0144088153219691,0.0
96,Mpala05-97,97,0.3018818450058858,0.011379051709796374,0.3072625698324022,0.0167597765363128,97.0,97.0,19/01/2022,20.0,3.0,3.0,0.0,4.0,2.5,37.31,33.16,North,OUT,,small,16.0905,21.2195,17.0695,4.15,4.0,0.04,0.0215588845312595,0.0223848596215248,0.02321083471179,0.0258653089404106,0.0283074252307415,0.0285197831690311,0.0244298335164785,0.0029696237761527,1.0,0.0,0.02,0.8695051954883797,0.0483870967741935,0.1196015471669042,1.0,0.0,0.02,0.0,0.0,0.1761585196307727,0.7202010603695337,0.03380362160520628,0.7202010603695337,0.03380362160520628,0.09002513254619171,0.004829088800743754,2.8372932452232837
97,Mpala05-101,101,0.41522873982787184,0.022435947035079024,0.4252252252252252,0.0324324324324324,101.0,101.0,19/01/2022,45.0,0.0,3.0,3.0,5.0,2.75,34.28,30.16,North,OUT,,small,16.0905,18.1895,14.0695,4.12,5.0,0.05,0.0200427081435918,0.0210740040056407,0.0232606204226613,0.0249757338315248,0.0291520666331052,0.0305077452212572,0.023420937359333,0.0026253827381879,1.0,0.0,0.02,0.8225721256598593,0.0483870967741935,0.2024349934996438,1.0,0.0,0.02,0.0,0.0,0.1791082577237689,1.0637104052632853,0.06594003847513966,1.0637104052632853,0.06594003847513966,0.13296380065791066,0.009420005496448522,2.6440093338921566
98,Mpala05-98,98,0.1668955896079449,0.007804680517035811,0.1704545454545454,0.0113636363636363,98.0,98.0,19/01/2022,35.0,3.0,2.0,0.0,7.0,3.0,24.46,28.03,North,OUT,,small,16.0905,8.3695,11.9395,-3.57,7.0,0.07,0.0327554419636726,0.0327554419636726,0.0327554419636726,0.0327554419636726,0.0327554419636726,0.0327554419636726,0.0327554419636726,0.0,1.0,0.0,0.02,0.6933691176586135,0.032258064516129,0.0621776517174248,1.0,0.0,0.02,0.0,0.0,0.1779667336648057,0.3694008341953189,0.022857391647245488,0.3694008341953189,0.022857391647245488,0.04617510427441486,0.0032653416638922126,2.479852231040729
99,Mpala05-99,99,0.2975804704730797,0.04133047047307966,0.3125,0.05625,99.0,99.0,19/01/2022,60.0,22.0,39.0,15.0,13.0,22.25,68.58,64.24,North,OUT,,small,16.0905,52.4895,48.1495,4.34,39.0,0.39,0.0205069743096828,0.0238667242228984,0.0250515509396791,0.0303719025105237,0.0461997532844543,0.0486922860145568,0.0281744860112667,0.0081948339939117,1.0,0.0,0.02,0.586500219633237,0.0483870967741935,0.2829905955899564,1.0,0.0,0.02,0.0,0.0,0.1889957014899257,0.7078886010824004,0.11578795683780524,0.7078886010824004,0.11578795683780524,0.08848607513530005,0.016541136691115035,3.874310753974227
100,Mpala05-100,100,0.2845512715841611,0.018817005849895298,0.2937062937062937,0.0279720279720279,100.0,100.0,19/01/2022,55.0,0.0,4.0,4.0,4.0,3.0,33.96,30.05,North,OUT,,small,16.0905,17.8695,13.9595,3.91,4.0,0.04,0.020588943734765,0.0205988190136849,0.02247279509902,0.0252754744142293,0.027847780585289,0.0280714593827724,0.0234014987945556,0.0031001167371869,1.0,0.0,0.02,0.7932308404057204,0.0483870967741935,0.2008246397420572,1.0,0.0,0.02,0.0,0.0,0.1747228306007645,0.6745099544631991,0.05674139425843092,0.6745099544631991,0.05674139425843092,0.08431374430789988,0.008105913465490132,2.636160280073885
101,Mpala05-102,102,0.23535449626925856,0.005996698104120963,0.2385321100917431,0.0091743119266055,102.0,102.0,19/01/2022,65.0,4.0,4.0,6.0,0.0,3.5,37.08,33.92,North,OUT,,small,16.0905,20.9895,17.8295,3.16,6.0,0.06,0.0319148153066635,0.0319148153066635,0.0319148153066635,0.0319148153066635,0.0319148153066635,0.0319148153066635,0.0319148153066635,0.0,1.0,0.0,0.02,0.7598796844725988,0.0483870967741935,0.1042590263812174,1.0,0.0,0.02,0.0,0.0,0.1703372214703126,0.539495476981508,0.018433310209847904,0.539495476981508,0.018433310209847904,0.0674369346226885,0.002633330029978272,2.8808543888570575
102,Mpala05-108,108,0.3636363636363636,0.3181818181818182,0.3636363636363636,0.3181818181818182,108.0,108.0,19/01/2022,100.0,23.0,29.0,25.0,38.0,28.75,204.86,193.01,North,OUT,,big,32.334,172.526,160.676,11.85,38.0,0.38,0.0249627958983182,0.0340284835547208,0.0361450873315334,0.0576658807694911,0.135421543419361,0.141605719923973,0.0551507882773876,0.0345960259437561,2.0,0.98,1.0,0.842846181593691,0.0806451612903225,1.4257888080758363,0.9083922505378724,0.49,0.51,0.49,1.0408163265306123,0.4291681226731579,0.8590245357819971,0.7659845045122115,0.8590245357819971,0.7659845045122115,0.10737806697274964,0.10942635778745878,5.079389914981564
103,Mpala05-103,103,0.10043033979672926,0.027035844383885253,0.110091743119266,0.036697247706422,103.0,103.0,19/01/2022,50.0,11.0,14.0,2.0,16.0,10.75,139.42,115.48,North,OUT,,small,16.0905,123.3295,99.3895,23.94,16.0,0.16,0.0201684366911649,0.0204185303300619,0.0206812405958771,0.0210673445835709,0.0216379974037408,0.0216876193881034,0.0208046361804008,0.0005655068089254,1.0,0.0,0.02,0.937437662867302,0.032258064516129,0.1573018802931848,1.0,0.0,0.02,0.0,0.0,0.1894471546760009,0.22722979491900913,0.07477506414324066,0.22722979491900913,0.07477506414324066,0.02840372436487614,0.010682152020462951,4.599046474280068
104,Mpala05-104,104,0.30965442585260716,0.14494854349966593,0.3176470588235294,0.1529411764705882,104.0,104.0,19/01/2022,15.0,0.0,0.0,0.0,3.0,0.75,21.4,20.26,North,IN,LYCIUM,small,16.0905,5.3095,4.1695,1.14,3.0,0.03,0.0200624130666255,0.0271214265376329,0.0322412438690662,0.0382153876125812,0.0642038044333457,0.0657906234264373,0.0365114584565162,0.0139968385919928,1.0,0.0,0.02,0.3098064705333074,0.0483870967741935,0.5352947511776694,1.0,0.0,0.02,0.0,0.0,0.2379803096475746,0.6919130338465243,0.33197027494852205,0.6919130338465243,0.33197027494852205,0.08648912923081553,0.047424324992646004,1.427796124544903
105,Mpala05-105,105,0.6135268772490385,0.6135268772490385,0.75,0.75,105.0,105.0,19/01/2022,100.0,33.0,40.0,33.0,37.0,35.75,130.71,115.82,North,OUT,,small,16.0905,114.6195,99.7295,14.89,40.0,0.4,0.0562544018030166,0.105191508308053,0.1305360272526741,0.1566197462379932,0.1944875961542129,0.1983983665704727,0.131598100066185,0.0392953790724277,2.0,1.0,1.5,0.8242246905015626,0.1451612903225806,1.875129016971634,0.4210275113582611,0.3333333333333333,1.0,0.5,2.0,0.2081482423563718,2.772588722239781,2.772588722239781,2.772588722239781,2.772588722239781,0.34657359027997264,0.39608410317711157,4.60246152086466
106,Mpala05-106,106,0.21658123796447246,0.11980704441608536,0.2258064516129032,0.1290322580645161,106.0,106.0,19/01/2022,50.0,21.0,20.0,22.0,2.0,16.25,61.31,55.94,North,OUT,,small,16.0905,45.2195,39.8495,5.37,22.0,0.22,0.0200601015239954,0.0218187477439641,0.0298870299011468,0.0526965027675032,0.0707785961031913,0.0724822431802749,0.0387153439223766,0.0180688835680484,1.0,0.0,0.02,0.2840214512408684,0.0483870967741935,0.4424810999127555,1.0,0.0,0.02,0.0,0.0,0.2335560566716722,0.47986606558151906,0.27630067696163435,0.47986606558151906,0.27630067696163435,0.05998325819768988,0.039471525280233476,3.685109858106066
107,Mpala05-107,107,0.5208333333333334,0.4375,0.5208333333333334,0.4375,107.0,107.0,19/01/2022,95.0,20.0,30.0,26.0,30.0,26.5,182.06,163.87,North,IN,CROTON,big,32.334,149.726,131.536,18.19,30.0,0.3,0.0208910759538412,0.0372424460947513,0.0518744811415672,0.0746389999985694,0.131096264719963,0.1348130851984024,0.0581136420369148,0.0304636918008327,1.0,0.0,0.02,0.1483535516642639,0.032258064516129,0.6853142072764582,0.9422844052314758,0.0,0.02,0.0,0.0,0.4200431855581022,1.3247510437863832,1.1507282898071236,1.3247510437863832,1.1507282898071236,0.1655938804732979,0.16438975568673195,4.8792805784097775
108,Mpala05-111,111,0.3625,0.2125,0.3625,0.2125,111.0,111.0,19/01/2022,20.0,0.0,0.0,13.0,7.0,5.0,81.16,58.03,North,OUT,,big,32.334,48.826,25.696,23.13,13.0,0.13,0.0221699178218841,0.024882186204195,0.0327802449464798,0.0468313433229923,0.0558027727901935,0.056738544255495,0.036650612950325,0.0118350172415375,1.0,0.0,0.02,0.3549945577578167,0.032258064516129,0.5172502020286036,1.0,0.0,0.02,0.0,0.0,0.2912514697829952,0.8028216755602477,0.47778381656469787,0.8028216755602477,0.47778381656469787,0.10035270944503097,0.06825483093781398,3.246335337764351
109,Mpala05-109,109,0.09339460678359415,0.050841415294232466,0.1063829787234042,0.0638297872340425,109.0,109.0,19/01/2022,75.0,15.0,27.0,21.0,4.0,16.75,157.12,125.06,North,OUT,,big,32.334,124.786,92.726,32.06,27.0,0.27,0.0319464318454265,0.0323610436171293,0.032775655388832,0.0428869351744651,0.0521893125772476,0.0529982149600982,0.0392401032149791,0.0097343437373638,1.0,0.0,0.02,0.3773712004273684,0.032258064516129,0.2373777983396794,1.0,0.0,0.02,0.0,0.0,0.2031985664435511,0.21888615946307238,0.13191593558359482,0.21888615946307238,0.13191593558359482,0.027360769932884048,0.01884513365479926,4.529648907895555
110,Mpala05-110,110,0.12632018408542342,0.05655274222495831,0.1395348837209302,0.0697674418604651,110.0,110.0,19/01/2022,70.0,0.0,2.0,48.0,6.0,14.0,73.25,66.92,North,OUT,,small,16.0905,57.1595,50.8295,6.33,48.0,0.48,0.0247789844870567,0.0260584559291601,0.0273379273712635,0.043679129332304,0.0587130351364612,0.0600203312933445,0.0373790822923183,0.0160438288003206,1.0,0.0,0.02,0.3332204199648886,0.032258064516129,0.2530369754479396,1.0,0.0,0.02,0.0,0.0,0.2064355402016126,0.2892826463185046,0.1446413231592523,0.2892826463185046,0.1446413231592523,0.036160330789813074,0.02066304616560747,3.9284768946998265
111,Mpala05-112,112,0.1851851851851851,0.074074074074074,0.1851851851851851,0.074074074074074,112.0,112.0,19/01/2022,100.0,20.0,15.0,13.0,34.0,20.5,379.42,292.43,North,IN,AM,big,32.334,347.086,260.096,86.99,34.0,0.34,0.0204676818102598,0.0262219905853271,0.029969822615385,0.0483211278915405,0.0813681028783321,0.0855403393507003,0.0407234393060207,0.0210088975727558,3.0,1.25,2.5,0.9045091846556498,0.1612903225806451,1.953439377335842,0.6791887283325195,0.5,1.2566666666666666,1.0124667347073133,1.2411930422879005,0.2711907746792861,0.3894881535850232,0.1539220822722564,0.3894881535850232,0.1539220822722564,0.0486860191981279,0.02198886889603663,5.561050793635853
112,Mpala05-113,113,0.22423432724788323,0.03436090952636421,0.240506329113924,0.050632911392405,113.0,113.0,19/01/2022,100.0,39.0,15.0,19.0,33.0,26.5,209.57,185.2,North,IN,CROTON,big,32.334,177.236,152.866,24.37,39.0,0.39,0.0239873901009559,0.0245531154796481,0.0392126534134149,0.0543468277901411,0.0561772917211055,0.0563364624977111,0.0396872907876968,0.0153537448495626,1.0,0.0,0.02,0.3571400809995461,0.0483870967741935,0.3171059409552239,1.0,0.0,0.02,0.0,0.0,0.1760844315235096,0.5250490160761212,0.10391947786142197,0.5250490160761212,0.10391947786142197,0.06563112700951515,0.014845639694488853,5.029561720647188
113,Mpala05-114,114,0.4311926605504587,0.1651376146788991,0.4311926605504587,0.1651376146788991,114.0,114.0,19/01/2022,25.0,2.0,0.0,4.0,0.0,1.5,58.5,48.71,North,OUT,,small,16.0905,42.4095,32.6195,9.79,4.0,0.04,0.0210641343146562,0.0243826587684452,0.0281792683526873,0.0350201446563005,0.0442656210809946,0.0476270765066146,0.029768506065011,0.0068810619413852,1.0,0.0,0.02,0.4607362895129946,0.0483870967741935,0.4985996072579985,1.0,0.0,0.02,0.0,0.0,0.2588305550097989,0.9796192465351115,0.36097675142458735,0.9796192465351115,0.36097675142458735,0.12245240581688893,0.05156810734636962,3.484910269055773
114,Mpala05-115,115,0.22044858816251264,0.08319368620172835,0.2352941176470588,0.0980392156862745,115.0,115.0,19/01/2022,50.0,4.0,0.0,3.0,4.0,2.75,48.54,39.0,North,OUT,,small,16.0905,32.4495,22.9095,9.54,4.0,0.04,0.020554382354021,0.0259941387921571,0.028991911560297,0.0335033750161528,0.0462665900588035,0.0475266575813293,0.0310111567378044,0.0085725346580147,2.0,1.73,1.75,1.1654461952436188,0.064516129032258,0.5284643974185947,1.0,0.4942857142857143,0.885,0.865,1.023121387283237,0.2151723878292547,0.5016404700825906,0.2063684724704615,0.5016404700825906,0.2063684724704615,0.06270505876032383,0.02948121035292307,3.131551671696473
115,Mpala05-116,116,0.14672382537847817,0.07854200719665999,0.1590909090909091,0.0909090909090909,116.0,116.0,19/01/2022,75.0,0.0,12.0,21.0,8.0,10.25,131.82,112.61,North,OUT,,big,32.334,99.486,80.276,19.21,21.0,0.21,0.0206820219755172,0.0375169096514582,0.0545485112816095,0.0659928377717733,0.0660600550472736,0.0660659000277519,0.0489612370729446,0.0188119001686573,1.0,0.0,0.02,0.3027280335483012,0.032258064516129,0.3046360973492381,1.0,0.0,0.02,0.0,0.0,0.2187112782075498,0.3318554940365566,0.1906203596086498,0.3318554940365566,0.1906203596086498,0.04148193675456958,0.027231479944092828,4.385470697076436
116,Mpala05-117,117,0.3275862068965517,0.2413793103448276,0.3275862068965517,0.2413793103448276,117.0,117.0,19/01/2022,100.0,39.0,34.0,39.0,44.0,39.0,295.41,272.67,North,IN,BALANITES,big,32.334,263.076,240.336,22.74,44.0,0.44,0.0209931880235672,0.0294050467200577,0.0446164980530738,0.0580528303980827,0.2072166606783865,0.2545982003211975,0.0601594001054763,0.0516675561666488,2.0,2.23,2.25,0.8904957697722761,0.1290322580645161,1.473537389515499,0.9908431768417358,0.4955555555555555,1.135,1.115,1.0179372197309418,0.3486773219005932,0.7328089472449114,0.5525067532563165,0.7328089472449114,0.5525067532563165,0.09160111840561393,0.07892953617947378,5.482037944255699
117,Mpala05-118,118,0.4745762711864407,0.3728813559322034,0.4745762711864407,0.3728813559322034,118.0,118.0,19/01/2022,90.0,25.0,19.0,15.0,33.0,23.0,112.97,103.1,North,IN,CROTON,big,32.334,80.636,70.766,9.87,33.0,0.33,0.021312091499567,0.0451356088742613,0.0631050188094377,0.0872443690896034,0.1355624240636825,0.141088917851448,0.0681743398308754,0.0290172789245843,2.0,1.48,1.5,2.109955576751475,0.0483870967741935,0.7034498730315962,1.0,0.4933333333333333,0.76,0.74,1.027027027027027,0.3820091437996709,1.147730123230185,0.93323906252299,1.147730123230185,0.93323906252299,0.14346626540377314,0.13331986607471286,4.259378659365544
118,Mpala05-119,119,0.7230769230769231,0.6153846153846154,0.7230769230769231,0.6153846153846154,119.0,119.0,19/01/2022,100.0,30.0,40.0,46.0,27.0,35.75,523.81,457.3,North,OUT,,big,32.334,491.476,424.966,66.51,46.0,0.46,0.0265005230903625,0.0940053891390562,0.1266288235783577,0.175318144261837,0.2467635717988013,0.2831259369850158,0.1310837566852569,0.0608847588300704,1.0,0.0,0.25,0.8829992852729384,0.0483870967741935,0.7382211188070028,0.760538637638092,0.0,0.25,0.0,0.0,0.5430689064592968,2.0914783555186767,1.863589836820241,2.0914783555186767,1.863589836820241,0.2614347944398346,0.26622711954574874,6.052009165724246
119,Mpala05-120,120,0.6923076923076923,0.6153846153846154,0.6923076923076923,0.6153846153846154,120.0,120.0,19/01/2022,100.0,28.0,49.0,33.0,27.0,34.25,402.38,362.15,North,IN,CROTON,big,32.334,370.046,329.816,40.23,49.0,0.49,0.0254860389977693,0.050062270835042,0.0733601301908493,0.1296349614858627,0.2474262887239455,0.264031320810318,0.0957807302474975,0.0616149082779884,1.0,0.0,0.25,0.1800320044000747,0.0967741935483871,1.0418884754437006,0.962884485721588,0.0,0.25,0.0,0.0,0.5657945525831385,2.012364148777285,1.852278733430212,2.012364148777285,1.852278733430212,0.2515455185971606,0.2646112476328874,5.798534923199782
120,Mpala07-125,125,0.6136363636363636,0.5227272727272727,0.6136363636363636,0.5227272727272727,125.0,125.0,20/01/2022,100.0,24.0,25.0,30.0,38.0,29.25,230.04,216.85,Segera Border,OUT,,big,32.334,197.706,184.516,13.19,38.0,0.38,0.0204977840185165,0.0464356718584895,0.068063773214817,0.1087075062096118,0.1680803179740906,0.2056991308927536,0.0790544748306274,0.0410222671926021,1.0,0.0,0.25,1.2713410486465218,0.0483870967741935,0.745814553417127,0.8954492807388306,0.0,0.25,0.0,0.0,0.4647375365525922,1.669954751998326,1.4793343923896762,1.669954751998326,1.4793343923896762,0.20874434399979075,0.2113334846270966,5.217736180587754
121,Mpala07-122,122,0.19710368400583478,0.050044860476423064,0.2058823529411764,0.0588235294117647,122.0,122.0,20/01/2022,100.0,24.0,30.0,33.0,25.0,28.0,218.62,205.32,Segera Border,IN,AD,big,32.334,186.286,172.986,13.3,33.0,0.33,0.0227370113134384,0.0308292210102081,0.042079284787178,0.0471554528921842,0.0541640885174274,0.0546752661466598,0.0393515564501285,0.0107357744127511,2.0,1.48,1.5,0.9239059390740936,0.1129032258064516,1.5578258588244025,0.4018890857696533,0.4933333333333333,0.76,0.74,1.027027027027027,0.2156754044628142,0.43937863289224427,0.12124924363286971,0.43937863289224427,0.12124924363286971,0.054922329111530534,0.017321320518981387,5.153210666367695
122,Mpala07-124,124,0.1,0.1,0.1,0.1,124.0,124.0,20/01/2022,100.0,19.0,18.0,20.0,25.0,20.5,203.44,189.39,Segera Border,IN,AM,big,32.334,171.106,157.056,14.05,25.0,0.25,0.0251362938433885,0.0323073603212833,0.0453565903007984,0.0541470982134342,0.0725509220361709,0.0745713710784912,0.0458985157310962,0.0153115568682551,2.0,1.73,1.75,0.7674616652033953,0.1774193548387097,2.0370659606261405,0.4726057648658752,0.4942857142857143,0.885,0.865,1.023121387283237,0.3985131605944973,0.21072103131565256,0.21072103131565256,0.21072103131565256,0.21072103131565256,0.02634012891445657,0.030103004473664652,5.056602429648391
123,Mpala07-126,126,0.5172413793103449,0.4827586206896552,0.5172413793103449,0.4827586206896552,126.0,126.0,20/01/2022,100.0,23.0,14.0,17.0,35.0,22.25,107.06,102.0,Segera Border,IN,AD,big,32.334,74.726,69.666,5.06,35.0,0.35,0.0209225844591856,0.0352020543068647,0.043380532413721,0.0506741385906934,0.0724545091390609,0.0726100951433181,0.0441432148218154,0.0142788765951991,2.0,1.48,1.5,1.0690213162610926,0.0967741935483871,1.4796711391049122,0.3531131744384765,0.4933333333333333,0.76,0.74,1.027027027027027,0.3787314136242719,1.3886738973910684,1.3184912577685282,1.3886738973910684,1.3184912577685282,0.17358423717388355,0.18835589396693259,4.243712393872924
124,Mpala07-127,127,0.7313432835820896,0.6716417910447762,0.7313432835820896,0.6716417910447762,127.0,127.0,20/01/2022,100.0,38.0,30.0,29.0,36.0,33.25,234.53,223.4,Segera Border,OUT,,big,32.334,202.196,191.066,11.13,38.0,0.38,0.0293447338044643,0.0479971207678318,0.0695957839488983,0.0938851609826088,0.1768389397859573,0.18150295317173,0.0753718987107276,0.0363360941410064,1.0,0.0,0.25,1.377656247226576,0.032258064516129,0.633009843069364,0.7355573773384094,0.0,0.25,0.0,0.0,0.5768714044023511,2.3504161180641674,2.2273003320653006,2.3504161180641674,2.2273003320653006,0.2938020147580209,0.3181857617236144,5.252618918096289
125,Mpala07-128,128,0.2839906161386786,0.13882932581609786,0.3064516129032258,0.1612903225806451,128.0,128.0,20/01/2022,40.0,38.0,5.0,0.0,9.0,13.0,69.98,68.27,Segera Border,OUT,,big,32.334,37.646,35.936,1.71,38.0,0.38,0.0269905384629964,0.0318536697886884,0.037850946187973,0.0640583438798785,0.0805986101925373,0.0820500031113624,0.0466456785798072,0.0197349917143583,1.0,0.0,0.02,0.2437537994100375,0.0483870967741935,0.6267975720875837,1.0,0.0,0.02,0.0,0.0,0.2179706186137556,0.665466275913268,0.3517813329273283,0.665466275913268,0.3517813329273283,0.0831832844891585,0.050254476132475474,3.5817395785560326
126,Mpala07-129,129,0.788659793814433,0.788659793814433,0.788659793814433,0.788659793814433,129.0,129.0,20/01/2022,90.0,27.0,18.0,20.0,20.0,21.25,142.96,132.69,Segera Border,IN,AD,big,32.334,110.626,100.356,10.27,27.0,0.27,0.0239220559597015,0.094475369900465,0.4547410607337951,0.7094725966453552,0.8266233861446379,0.8475818634033203,0.409655749797821,0.2930747270584106,1.0,0.0,0.25,0.2953507522876745,0.0806451612903225,1.3632858596541069,0.7100586891174316,0.0,0.25,0.0,0.0,1.1940083400995765,1.8585122033865773,1.8585122033865775,1.8585122033865773,1.8585122033865775,0.23231402542332216,0.2655017433409396,4.6087238641873896
127,Mpala07-130,130,0.7916666666666666,0.7916666666666666,0.7916666666666666,0.7916666666666666,130.0,130.0,20/01/2022,100.0,33.0,19.0,26.0,29.0,26.75,246.82,231.86,Segera Border,IN,AD,big,32.334,214.486,199.526,14.96,33.0,0.33,0.0213220827281475,0.0419520325958728,0.0664990730583667,0.085669731721282,0.1212652474641799,0.1218134015798568,0.0676659867167472,0.0279657207429409,2.0,0.75,1.0,0.8415133747010373,0.064516129032258,1.3448879032627714,0.2599940896034241,0.375,0.625,0.375,1.6666666666666667,0.75,3.13723183582769,3.13723183582769,3.13723183582769,3.13723183582769,0.39215397947846126,0.44817597654681285,5.295944553652784
128,Mpala07-131,131,0.3617021276595745,0.2978723404255319,0.3617021276595745,0.2978723404255319,131.0,131.0,20/01/2022,80.0,30.0,24.0,16.0,10.0,20.0,121.03,113.96,Segera Border,OUT,,big,32.334,88.696,81.626,7.07,30.0,0.3,0.0252049341797828,0.058057127520442,0.0789209082722663,0.0979248359799385,0.1244133156538009,0.1271941810846328,0.0750813707709312,0.0301700644195079,1.0,0.0,0.02,0.1572398975287425,0.032258064516129,0.6090507476035167,1.0,0.0,0.02,0.0,0.0,0.3389310662308303,0.8391960160707514,0.7072800804871566,0.8391960160707514,0.7072800804871566,0.10489950200884393,0.10104001149816523,4.402147838670096
129,Mpala07-132,132,0.10411597563836411,0.023470814348041515,0.1129032258064516,0.032258064516129,132.0,132.0,20/01/2022,10.0,0.0,4.0,0.0,3.0,1.75,22.12,21.47,Segera Border,OUT,,small,16.0905,6.0295,5.3795,0.65,4.0,0.04,0.032999999821186,0.0342499995604157,0.0354999992996454,0.0367499990388751,0.0378999987989664,0.0379999987781047,0.0354999974370002,0.0024999994784593,1.0,0.0,0.02,0.5263158063974412,0.032258064516129,0.1425058673927378,1.0,0.0,0.02,0.0,0.0,0.1873469063015362,0.23374588006706457,0.06557964564598168,0.23374588006706457,0.06557964564598168,0.02921823500838307,0.009368520806568812,1.6825954330518267
130,Mpala07-133,133,0.6666666666666666,0.6464646464646465,0.6666666666666666,0.6464646464646465,133.0,133.0,20/01/2022,100.0,30.0,19.0,40.0,31.0,30.0,182.53,117.42,Segera Border,OUT,,big,32.334,150.196,85.086,65.11,40.0,0.4,0.023257752880454,0.0347204525023698,0.059107705950737,0.075656458735466,0.1292448419332504,0.1572732329368591,0.0632473677396774,0.0315281711518764,1.0,0.0,0.25,1.6806361962655605,0.032258064516129,0.649607734102787,0.793920636177063,0.0,0.25,0.0,0.0,0.5595355192378894,2.120361320552767,2.079543577290353,2.120361320552767,2.079543577290353,0.26504516506909587,0.29707765389862184,4.443662509707265
131,Mpala07-134,134,0.4520547945205479,0.2602739726027397,0.4520547945205479,0.2602739726027397,134.0,134.0,20/01/2022,75.0,3.0,7.0,5.0,4.0,4.75,61.54,59.0,Segera Border,OUT,,small,16.0905,45.4495,42.9095,2.54,7.0,0.07,0.0199999995529651,0.0233241124078631,0.0285125719383358,0.0331740863621234,0.0628754335641861,0.0682432353496551,0.0319504551589489,0.012310124002397,1.0,0.0,0.02,0.2971701273089939,0.032258064516129,0.5733432888383475,1.0,0.0,0.02,0.0,0.0,0.3177592022691834,1.0287947836535767,0.6029507891682333,1.0287947836535767,0.6029507891682333,0.12859934795669709,0.08613582702403333,3.7590932466400426
132,Mpala07-135,135,0.3818181818181818,0.2545454545454545,0.3818181818181818,0.2545454545454545,135.0,135.0,20/01/2022,95.0,5.0,4.0,9.0,8.0,6.5,91.17,87.32,Segera Border,OUT,,big,32.334,58.836,54.986,3.85,9.0,0.09,0.021067913621664,0.0272990413941442,0.0347577184438705,0.0384968305006623,0.0455960447341203,0.0475622229278087,0.0332392118871212,0.0074123982340097,1.0,0.0,0.02,0.4205017925750978,0.032258064516129,0.5672739606962847,1.0,0.0,0.02,0.0,0.0,0.3145575951835631,0.859786585705486,0.5875222370563262,0.859786585705486,0.5875222370563262,0.10747332321318576,0.08393174815090375,4.007078607375733
133,Mpala07-136,136,0.3333333333333333,0.2941176470588235,0.3333333333333333,0.2941176470588235,136.0,136.0,20/01/2022,85.0,11.0,10.0,23.0,8.0,13.0,192.53,185.65,Segera Border,OUT,,big,32.334,160.196,153.316,6.88,23.0,0.23,0.0235277786850929,0.0443008076399564,0.0581798814237117,0.0672594085335731,0.098564880490303,0.1003401130437851,0.059084415435791,0.0219699200242757,1.0,0.0,0.02,0.1993220796081091,0.0483870967741935,0.6953955313779998,1.0,0.0,0.02,0.0,0.0,0.3234036587010104,0.7766240577638299,0.6966133885364314,0.7766240577638299,0.6966133885364314,0.09707800722047874,0.09951619836234735,5.0325011509468744
134,Mpala07-137,137,0.66,0.64,0.66,0.64,137.0,137.0,20/01/2022,100.0,21.0,23.0,17.0,21.0,20.5,163.92,153.57,Segera Border,IN,AD,big,32.334,131.586,121.236,10.35,23.0,0.23,0.0289999991655349,0.0502351513132452,0.072713553905487,0.102957921102643,0.1488470649719238,0.1567686945199966,0.0780770778656005,0.0326896272599697,1.0,0.0,0.25,0.2475392755686764,0.064516129032258,0.8179698622021541,0.9504181742668152,0.0,0.25,0.0,0.0,0.559089648917585,2.083707909699002,2.043302495063963,2.083707909699002,2.043302495063963,0.26046348871237524,0.291900356437709,4.797739059233596
135,Mpala07-138,138,0.0454545454545454,0.0,0.0454545454545454,0.0,138.0,138.0,20/01/2022,0.0,0.0,0.0,0.0,0.0,0.0,0.0,,Segera Border,OUT,,,0.0,0.0,0.0,0.0,0.0,0.0,0.0,0.0,0.0,0.0,0.0,0.0,0.0,0.0,1.0,0.0,0.02,4.693154723289163,0.0161290322580645,-0.0,1.0,0.0,0.02,0.0,0.0,0.1731898427359353,0.09304003126978563,0.0,0.09304003126978563,0.0,0.011630003908723204,0.0,0.0
136,Mpala07-139,139,0.3734939759036144,0.2409638554216867,0.3734939759036144,0.2409638554216867,139.0,139.0,20/01/2022,30.0,4.0,0.0,6.0,17.0,6.75,62.88,59.63,Segera Border,OUT,,big,32.334,30.546,27.296,3.25,17.0,0.17,0.0258379373699426,0.0411050925031304,0.0619347598403692,0.0751973390579223,0.1280986005067825,0.1295863389968872,0.064554326236248,0.0303764194250106,1.0,0.0,0.02,0.1551183364603951,0.032258064516129,0.5521884001610994,1.0,0.0,0.02,0.0,0.0,0.3069922592631006,0.8357607403712153,0.5514117628101302,0.8357607403712153,0.5514117628101302,0.10447009254640191,0.07877310897287573,3.3067401713092686
137,Mpala07-140,140,0.5454545454545454,0.4675324675324675,0.5454545454545454,0.4675324675324675,140.0,140.0,20/01/2022,90.0,23.0,26.0,24.0,13.0,21.5,194.84,186.56,Segera Border,OUT,,big,32.334,162.506,154.226,8.28,26.0,0.26,0.0210518930107355,0.0351443924009799,0.0479205921292305,0.0727447476238012,0.1206761389970779,0.1338514238595962,0.0564405061304569,0.0288340430706739,1.0,0.0,0.02,0.1516947012658523,0.032258064516129,0.6910374151095725,0.8937526941299438,0.0,0.02,0.0,0.0,0.4380206915317537,1.4227177999234888,1.260466710298752,1.4227177999234888,1.260466710298752,0.1778397249904361,0.1800666728998217,5.03841905910775
138,Mpala07-141,141,0.3125,0.1875,0.3125,0.1875,141.0,141.0,20/01/2022,85.0,11.0,11.0,13.0,13.0,12.0,92.88,91.03,Segera Border,OUT,,big,32.334,60.546,58.696,1.85,13.0,0.13,0.023233413696289,0.0249457471072673,0.0353954061865806,0.044861227273941,0.0622004923224449,0.0647578462958335,0.0366253741085529,0.013237421400845,1.0,0.0,0.02,0.3088428838203467,0.032258064516129,0.482577565177012,1.0,0.0,0.02,0.0,0.0,0.2775525118214438,0.6823415148055343,0.415278729556489,0.6823415148055343,0.415278729556489,0.08529268935069179,0.05932553279378414,4.072371581411693
139,Mpala07-142,142,0.1,0.0,0.1,0.0,142.0,142.0,20/01/2022,0.0,0.0,0.0,0.0,0.0,0.0,0.0,,Segera Border,OUT,,,0.0,0.0,0.0,0.0,0.0,0.0,0.0,0.0,0.0,0.0,0.0,0.0,0.0,0.0,1.0,0.0,0.02,1.3264466684704086,0.032258064516129,0.0748759732320604,1.0,0.0,0.02,0.0,0.0,0.1630071832619426,0.21072103131565256,0.0,0.21072103131565256,0.0,0.02634012891445657,0.0,0.0
140,Mpala07-143,143,0.4444444444444444,0.324074074074074,0.4444444444444444,0.324074074074074,143.0,143.0,20/01/2022,35.0,9.0,16.0,12.0,6.0,10.75,79.83,75.15,Segera Border,OUT,,big,32.334,47.496,42.816,4.68,16.0,0.16,0.0201678555458784,0.0265886187553405,0.0410984084010124,0.052717387676239,0.0756104525923729,0.0814616978168487,0.0420730523765087,0.0163259673863649,1.0,0.0,0.02,0.2568172921021583,0.0483870967741935,0.6788243500752802,1.0,0.0,0.02,0.0,0.0,0.3476582035042309,1.0398522429990147,0.7833435719516568,1.0398522429990147,0.7833435719516568,0.12998153037487684,0.1119062245645224,3.7569118645057635
141,Mpala07-144,144,0.5535714285714286,0.5,0.5535714285714286,0.5,144.0,144.0,20/01/2022,100.0,15.0,10.0,32.0,28.0,21.25,152.28,106.02,Segera Border,IN,AD,big,32.334,119.946,73.686,46.26,32.0,0.32,0.0255469195544719,0.0454978803172707,0.0673878341913223,0.0886019058525562,0.1783600476384162,0.1867821663618087,0.075615718960762,0.0395044237375259,1.0,0.0,0.25,0.3330294150691637,0.064516129032258,0.8785483596046892,0.952723503112793,0.0,0.25,0.0,0.0,0.4849308347392168,1.4964139154859455,1.3862943611198906,1.4964139154859455,1.3862943611198906,0.1870517394357432,0.19804205158855578,4.299812821856302
142,Mpala07-145,145,0.2090510878487418,0.12394470487001838,0.2127659574468085,0.1276595744680851,145.0,145.0,20/01/2022,10.0,3.0,2.0,0.0,0.0,1.25,36.1,35.22,Segera Border,OUT,,big,32.334,3.766,2.886,0.88,3.0,0.03,0.0201802477240562,0.0217153984121978,0.0236962344497442,0.0259365811944007,0.0339740937575697,0.0348198004066944,0.025021830573678,0.0048286980018019,1.0,0.0,0.02,0.5743858312339672,0.032258064516129,0.3819133134069745,1.0,0.0,0.02,0.0,0.0,0.2433070432741498,0.45104604204449383,0.2731510700115015,0.45104604204449383,0.2731510700115015,0.05638075525556173,0.0390215814302145,1.059871460351679
143,Mpala07-146,146,0.07836477418118373,0.025733195233815336,0.087719298245614,0.0350877192982456,146.0,146.0,20/01/2022,90.0,18.0,10.0,11.0,16.0,13.75,85.38,76.5,Segera Border,IN,AM,big,32.334,53.046,44.166,8.88,18.0,0.18,0.0204853098839521,0.0218465495854616,0.023207789286971,0.0245690289884805,0.0258213695138692,0.02593026868999,0.023207789286971,0.0027224794030189,1.0,0.0,0.02,0.7712993736821815,0.032258064516129,0.1520053108362029,1.0,0.0,0.02,0.0,0.0,0.1886810947576596,0.17957060774470987,0.07143616520415846,0.17957060774470987,0.07143616520415846,0.022446325968088734,0.010205166457736923,3.7879552623046235
144,Mpala07-147,147,0.0807865025265525,0.014119835859885908,0.0888888888888888,0.0222222222222222,147.0,147.0,20/01/2022,30.0,3.0,3.0,18.0,5.0,7.25,39.32,38.09,Segera Border,OUT,,small,16.0905,23.2295,21.9995,1.23,18.0,0.18,0.0200146157294511,0.0200146157294511,0.0200146157294511,0.0200146157294511,0.0200146157294511,0.0200146157294511,0.0200146157294511,0.0,1.0,0.0,0.02,0.9992697471863188,0.0483870967741935,0.2126268236631378,1.0,0.0,0.02,0.0,0.0,0.1661403011498193,0.1829314546780199,0.04494571170411703,0.1829314546780199,0.04494571170411703,0.02286643183475249,0.006420815957731004,3.09101972582732
145,Mpala07-148,148,0.07320631785765191,0.04463488928622332,0.0857142857142857,0.0571428571428571,148.0,148.0,20/01/2022,40.0,0.0,11.0,0.0,8.0,4.75,71.31,66.52,Segera Border,OUT,,big,32.334,38.976,34.186,4.79,11.0,0.11,0.0211010482162237,0.0213774791918694,0.0216539101675152,0.021930341143161,0.0221846576407551,0.0222067721188068,0.0216539092361927,0.0005528619512915,1.0,0.0,0.02,0.900626164532128,0.032258064516129,0.2190325217890211,1.0,0.0,0.02,0.0,0.0,0.199655429377049,0.1756560737923713,0.1176810000458667,0.1756560737923713,0.1176810000458667,0.021957009224046413,0.016811571435123813,3.5318162035340763
146,Mpala07-149,149,0.375,0.35,0.375,0.35,149.0,149.0,20/01/2022,85.0,13.0,17.0,17.0,19.0,16.5,132.79,127.12,Segera Border,OUT,,big,32.334,100.456,94.786,5.67,19.0,0.19,0.0213530510663986,0.0289601976983249,0.0359244644641876,0.0510395755991339,0.0682433769106864,0.0708700567483902,0.0400346182286739,0.0144852008670568,1.0,0.0,0.02,0.2822066316527155,0.032258064516129,0.6474466390346325,1.0,0.0,0.02,0.0,0.0,0.3687472953555818,0.9122014481534882,0.8615658321849085,0.9122014481534882,0.8615658321849085,0.11402518101918603,0.12308083316927264,4.5516217190304165
147,Mpala07-150,150,0.6421052631578947,0.6105263157894737,0.6421052631578947,0.6105263157894737,150.0,150.0,20/01/2022,100.0,31.0,32.0,32.0,33.0,32.0,283.1,269.92,Segera Border,OUT,,big,32.334,250.766,237.586,13.18,33.0,0.33,0.026376811787486,0.0726651586592197,0.1120520271360874,0.1479635685682296,0.2078453356027603,0.2193236649036407,0.1128877475857734,0.0456207394599914,1.0,0.0,0.25,1.1528004404492564,0.032258064516129,0.6685120770791868,0.722694993019104,0.0,0.25,0.0,0.0,0.5332285199418242,1.9500945870156339,1.8859179579126328,1.9500945870156339,1.8859179579126328,0.24376182337695423,0.2694168511303761,5.470529663193566
148,Mpala09-152,152,0.14994282850578453,0.04994282850578452,0.2,0.1,152.0,152.0,21/01/2022,95.0,5.0,12.0,21.0,17.0,13.75,169.36,161.24,,IN,AD,big,32.334,137.026,128.906,8.12,21.0,0.21,0.0216333903372287,0.0231321807950735,0.0298500675708055,0.0378660131245851,0.0428275425732135,0.0432589799165725,0.0311481263488531,0.0089149754494428,2.0,1.48,1.5,0.8642058251437645,0.0967741935483871,1.4686648230978787,0.9941942095756532,0.4933333333333333,0.76,0.74,1.027027027027027,0.1348685055633044,0.4214420626313051,0.21072103131565256,0.4214420626313051,0.21072103131565256,0.05268025782891314,0.030103004473664652,4.859083456573234
149,Mpala09-151,151,0.08089294989861383,0.08089294989861383,0.0930232558139534,0.0930232558139534,151.0,151.0,21/01/2022,50.0,14.0,6.0,16.0,0.0,9.0,76.34,72.36,,OUT,,small,16.0905,60.2495,56.2695,3.98,16.0,0.16,0.0203423965722322,0.0240375222638249,0.0341828865930438,0.0498842615634202,0.0686183665692806,0.0702474191784858,0.0397388972342014,0.0195425115525722,1.0,0.0,0.02,0.2847079684049837,0.032258064516129,0.3094772867741259,1.0,0.0,0.02,0.0,0.0,0.2200078186243229,0.19527693912783187,0.19527693912783187,0.19527693912783187,0.19527693912783187,0.024409617390978983,0.027896705589690266,4.030152647676191
150,Mpala09-153,153,0.2079375965039228,0.046172890621569866,0.2205882352941176,0.0588235294117647,153.0,153.0,21/01/2022,65.0,5.0,21.0,8.0,0.0,8.5,70.35,66.76,,OUT,,big,32.334,38.016,34.426,3.59,21.0,0.21,0.0200263708829879,0.0214283126406371,0.0251493249088525,0.0335316001437604,0.0476864723488688,0.0489173308014869,0.0298105869442224,0.0114610902965068,1.0,0.0,0.02,0.4117308231841308,0.032258064516129,0.2237180760658337,1.0,0.0,0.02,0.0,0.0,0.2005360023303382,0.47416211831598276,0.12124924363286971,0.47416211831598276,0.12124924363286971,0.059270264789497845,0.017321320518981387,3.5388120928493145
151,Mpala09-154,154,0.5,0.4615384615384615,0.5,0.4615384615384615,154.0,154.0,21/01/2022,100.0,28.0,30.0,32.0,22.0,28.0,269.57,256.02,,IN,AD,big,32.334,237.236,223.686,13.55,32.0,0.32,0.0281223095953464,0.0733729153871536,0.1297186911106109,0.1812888123095035,0.2187589785456657,0.2237474024295807,0.1271187961101532,0.0577733628451824,2.0,1.73,1.75,1.0398517183580982,0.0806451612903225,1.324679978320245,0.9559488296508788,0.4942857142857143,0.885,0.865,1.023121387283237,0.4009954387236053,1.3165198431190093,1.2380784168124466,1.3165198431190093,1.2380784168124466,0.16456498038987616,0.17686834525892095,5.410243282720022
152,Mpala09-155,155,0.09339460678359415,0.050841415294232466,0.1063829787234042,0.0638297872340425,155.0,155.0,21/01/2022,20.0,0.0,15.0,0.0,19.0,8.5,60.74,57.49,,OUT,,small,16.0905,44.6495,41.3995,3.25,19.0,0.19,0.0227654837071895,0.0307405777275562,0.0387156717479229,0.043471023440361,0.0478459469974041,0.0482263751327991,0.0365691781044006,0.0105045968666672,1.0,0.0,0.02,0.4147108287721553,0.032258064516129,0.2373777983396794,1.0,0.0,0.02,0.0,0.0,0.2031985664435511,0.21888615946307238,0.13191593558359482,0.21888615946307238,0.13191593558359482,0.027360769932884048,0.01884513365479926,3.7232688034636516
153,Mpala10-157,157,0.3103448275862069,0.1724137931034483,0.3103448275862069,0.1724137931034483,157.0,157.0,23/01/2022,90.0,12.0,29.0,14.0,24.0,19.75,172.55,156.92,,IN,AM,big,32.334,140.216,124.586,15.63,29.0,0.29,0.0208145435899496,0.0218775756657123,0.0246124826371669,0.041688410565257,0.0534550622105598,0.0535134449601173,0.0319910198450088,0.0124029088765382,2.0,1.48,1.5,0.8851439099269067,0.0967741935483871,1.365611921447646,0.9757410883903505,0.4933333333333333,0.76,0.74,1.027027027027027,0.2772012734617428,0.6753240095136035,0.37848399927705684,0.6753240095136035,0.37848399927705684,0.08441550118920044,0.05406914275386526,4.824996240489984
154,Mpala10-159,159,0.48,0.42,0.48,0.42,159.0,159.0,23/01/2022,85.0,9.0,17.0,18.0,17.0,15.25,136.6,130.84,,OUT,,big,32.334,104.266,98.506,5.76,18.0,0.18,0.0228809863328933,0.034668244421482,0.0434850566089153,0.0540375858545303,0.1016443431377411,0.1237303167581558,0.0479098334908485,0.0208799112588167,1.0,0.0,0.02,0.1616418718065043,0.032258064516129,0.6802920001921535,1.0,0.0,0.02,0.0,0.0,0.4096562356323664,1.2132051583195187,1.0894543508833436,1.2132051583195187,1.0894543508833436,0.15165064478993984,0.15563633584047767,4.590117460028463
155,Mpala10-158,158,0.13750251900487231,0.0553107381829545,0.1506849315068493,0.0684931506849315,158.0,158.0,23/01/2022,65.0,2.0,3.0,3.0,1.0,2.25,36.29,34.12,,OUT,,small,16.0905,20.1995,18.0295,2.17,3.0,0.03,0.0220752116292715,0.0397463403642177,0.0665276497602462,0.0686080083250999,0.1096862581372261,0.1132582798600196,0.0620431005954742,0.0309217758476734,1.0,0.0,0.02,0.1813539238663744,0.032258064516129,0.2497236395847507,1.0,0.0,0.02,0.0,0.0,0.2057334588183612,0.3134371154594191,0.14190347194456898,0.3134371154594191,0.14190347194456898,0.03917963943242739,0.020271924563509854,2.892009305272185
156,Mpala10-161,161,0.2794991323593542,0.07437092723114903,0.2948717948717949,0.0897435897435897,161.0,161.0,23/01/2022,25.0,4.0,2.0,1.0,2.0,2.25,32.43,31.1,,OUT,,small,16.0905,16.3395,15.0095,1.33,4.0,0.04,0.0201809648424386,0.0213577426038682,0.022449817508459,0.0303780082613229,0.0369880834221839,0.0371375121176242,0.0261043831706047,0.0065300804562866,1.0,0.0,0.02,0.54128740985543,0.0483870967741935,0.377874645883052,1.0,0.0,0.02,0.0,0.0,0.2106020620752592,0.647206782585553,0.18805789929655242,0.647206782585553,0.18805789929655242,0.08090084782319412,0.026865414185221776,2.708683333964627
157,Mpala10-160,160,0.30418999182868667,0.10682157077605504,0.3157894736842105,0.1184210526315789,160.0,160.0,23/01/2022,80.0,16.0,27.0,11.0,15.0,17.25,154.8,134.5,,IN,AM,big,32.334,122.466,102.166,20.3,27.0,0.27,0.020546993240714,0.0225297212600708,0.0265427641570568,0.0310654789209365,0.0586565867066383,0.0634732469916343,0.0304789878427982,0.0123094413429498,2.0,1.48,1.5,0.7207077699239521,0.1290322580645161,1.013876762122276,1.0,0.4933333333333333,0.76,0.74,1.027027027027027,0.2274712285739381,0.6918003940167696,0.2520814417907299,0.6918003940167696,0.2520814417907299,0.0864750492520962,0.03601163454153284,4.626598941401385
158,Mpala10-163,163,0.30942026786955906,0.12285310369045459,0.3134328358208955,0.126865671641791,163.0,163.0,23/01/2022,20.0,0.0,5.0,4.0,0.0,2.25,36.12,34.57,,OUT,,small,16.0905,20.0295,18.4795,1.55,5.0,0.05,0.0200464874505996,0.0228410363197326,0.0247554257512092,0.0340515412390232,0.0475112152099609,0.0510666668415069,0.0289288479834795,0.0086051616817712,1.0,0.0,0.02,0.4592594598202564,0.032258064516129,0.3803847460681268,1.0,0.0,0.02,0.0,0.0,0.242725450337636,0.6843155657498456,0.27133173030631036,0.6843155657498456,0.27133173030631036,0.0855394457187307,0.03876167575804434,2.9166620095704543
159,Mpala10-162,162,0.7099236641221374,0.6641221374045801,0.7099236641221374,0.6641221374045801,162.0,162.0,23/01/2022,95.0,23.0,33.0,18.0,16.0,22.5,366.9,348.69,,OUT,,big,32.334,334.566,316.356,18.21,33.0,0.33,0.0201049726456403,0.048799080774188,0.1010238677263259,0.1240887194871902,0.1847976565361023,0.1996603459119796,0.0927669927477836,0.0469152592122554,1.0,0.0,0.25,1.2631653920880177,0.032258064516129,0.6382633520915921,0.7581110596656799,0.0,0.25,0.0,0.0,0.5717831421094675,2.2757825503634814,2.1820153785657808,2.2757825503634814,2.1820153785657808,0.2844728187954352,0.3117164826522544,5.756868161747791
160,Mpala10-164,164,0.1578099237300869,0.10225436817453139,0.1666666666666666,0.1111111111111111,164.0,164.0,23/01/2022,40.0,3.0,26.0,2.0,0.0,7.75,48.65,47.47,,OUT,,small,16.0905,32.5595,31.3795,1.18,26.0,0.26,0.0206374935805797,0.022572137415409,0.0233961688354611,0.0236470210365951,0.0238449187204241,0.0238621272146701,0.0228229910135269,0.0012823278084397,1.0,0.0,0.02,0.8381482430327591,0.032258064516129,0.3488320958430319,1.0,0.0,0.02,0.0,0.0,0.23166654212128,0.34988289899266406,0.23556607131276702,0.34988289899266406,0.23556607131276702,0.04373536237408301,0.03365229590182386,3.446154813462201
161,Mpala10-167,167,0.2529030743424065,0.1246979461372783,0.2564102564102564,0.1282051282051282,167.0,167.0,23/01/2022,55.0,4.0,8.0,21.0,9.0,10.5,54.33,52.84,,OUT,,small,16.0905,38.2395,36.7495,1.49,21.0,0.21,0.0212279930710792,0.022661542519927,0.0237134359776973,0.0285460650920867,0.0324195075035095,0.0327563285827636,0.0257810708135366,0.0042670010589063,1.0,0.0,0.02,0.6105690370478201,0.032258064516129,0.3829604307675954,1.0,0.0,0.02,0.0,0.0,0.2437081153702773,0.5488044860539402,0.2744022430269701,0.5488044860539402,0.2744022430269701,0.06860056075674252,0.039200320432424295,3.604124620124114
162,Mpala10-166,166,0.5082226225857913,0.11569925809981002,0.514018691588785,0.1214953271028037,166.0,166.0,23/01/2022,20.0,6.0,0.0,7.0,7.0,5.0,38.53,37.55,,OUT,,small,16.0905,22.4395,21.4595,0.98,7.0,0.07,0.021679688245058,0.0264489916153252,0.0344036910682916,0.0363392252475023,0.0472213953733444,0.0473005473613739,0.0332007482647895,0.0078064673580229,1.0,0.0,0.02,0.4241566449456782,0.032258064516129,0.3703758256190689,1.0,0.0,0.02,0.0,0.0,0.2390275955258712,1.2559512335163427,0.25906810438380434,1.2559512335163427,0.25906810438380434,0.15699390418954284,0.03700972919768634,3.0661674377698924
163,Mpala10-165,165,0.46389624706689647,0.41126466811952805,0.4736842105263157,0.4210526315789473,165.0,165.0,23/01/2022,90.0,12.0,18.0,23.0,12.0,16.25,159.76,151.4,,IN,AE,big,32.334,127.426,119.066,8.36,23.0,0.23,0.0242805462330579,0.0319915879517793,0.0553024243563413,0.0856508128345012,0.254242731630802,0.3072918951511383,0.0745054483413696,0.067621037364006,4.0,3.0,5.0,1.0950256438506758,0.2096774193548387,2.187059607002141,0.8259866833686829,0.675,2.0675,1.834712170886758,1.126879754114636,0.4535071735677586,1.135333543837983,1.0271991012974315,1.135333543837983,1.0271991012974315,0.14191669297974788,0.14674272875677594,4.779677961214416
164,Mpala15-188,188,0.08188048570582532,0.044144636649221525,0.0943396226415094,0.0566037735849056,188.0,188.0,27/01/2022,70.0,4.0,1.0,5.0,4.0,3.5,67.46,49.45,,OUT,,small,16.0905,51.3695,33.3595,18.01,5.0,0.05,0.02654211781919,0.0284621510654687,0.0303821843117475,0.0334231359884142,0.0362208115309476,0.036464087665081,0.0311294645071029,0.004084947053343,1.0,0.0,0.02,0.5484848595060978,0.032258064516129,0.217518571336808,1.0,0.0,0.02,0.0,0.0,0.1993743735846703,0.19347037790354363,0.11653781624795152,0.19347037790354363,0.11653781624795152,0.024183797237942953,0.016648259463993075,3.507342589368632
165,Mpala15-190,190,0.044144636649221525,0.044144636649221525,0.0566037735849056,0.0566037735849056,190.0,190.0,27/01/2022,50.0,5.0,3.0,4.0,3.0,3.75,61.86,45.7,,OUT,,small,16.0905,45.7695,29.6095,16.16,5.0,0.05,0.0282560605555772,0.0334753515198826,0.038694642484188,0.0489495936781168,0.0583841487765312,0.0592045448720455,0.0420517474412918,0.0128557328134775,1.0,0.0,0.02,0.3378119035155923,0.032258064516129,0.217518571336808,1.0,0.0,0.02,0.0,0.0,0.1993743735846703,0.11653781624795152,0.11653781624795152,0.11653781624795152,0.11653781624795152,0.01456722703099394,0.016648259463993075,3.3880952557838278
166,Mpala15-191,191,0.0,0.0,0.0,0.0,191.0,191.0,27/01/2022,15.0,2.0,0.0,1.0,2.0,1.25,48.05,37.96,,OUT,,big,32.334,15.716,5.626,10.09,2.0,0.02,0.0,0.0,0.0,0.0,0.0,0.0,0.0,0.0,0.0,0.0,0.0,0.0,0.0,0.0,0.0,0.0,0.0,0.0,0.0,0.0,0.0,0.0,0.0,0.0,0.0,0.0,1.7273987100676653
167,Mpala15-192,192,0.0196078431372549,0.0,0.0196078431372549,0.0,192.0,192.0,27/01/2022,80.0,3.0,7.0,6.0,4.0,5.0,94.03,72.73,,IN,AG,big,32.334,61.696,40.396,21.3,7.0,0.07,0.0,0.0,0.0,0.0,0.0,0.0,0.0,0.0,2.0,1.98,2.0,0.9822543116586002,0.064516129032258,0.6652273750632512,1.0,0.495,1.01,0.99,1.02020202020202,0.1731898427359353,0.03960525459235951,0.0,0.03960525459235951,0.0,0.0049506568240449385,0.0,3.6987307701643104
168,Mpala15-194,194,0.0,0.0,0.0,0.0,194.0,194.0,27/01/2022,60.0,16.0,6.0,12.0,10.0,11.0,88.31,78.57,,IN,AE,big,32.334,55.976,46.236,9.74,16.0,0.16,0.0219594985246658,0.0219594985246658,0.0219594985246658,0.0219594985246658,0.0219594985246658,0.0219594985246658,0.0219594985246658,0.0,3.0,2.23,3.0,1.0864423173062328,0.064516129032258,0.4987584659128828,1.0,0.25,1.7566666666666666,1.2656048180832575,1.388005672518785,0.192733024997825,0.0,0.0,0.0,0.0,0.0,0.0,3.8337587154320207
169,Mpala15-198,198,0.1818181818181818,0.0,0.1818181818181818,0.0,198.0,198.0,27/01/2022,60.0,2.0,3.0,7.0,9.0,5.25,80.4,69.63,,IN,AG,big,32.334,48.066,37.296,10.77,9.0,0.09,0.0201257858425378,0.024762655608356,0.0270000007003545,0.03731220215559,0.0477561146020889,0.0479045063257217,0.0318718403577804,0.0091965105384588,2.0,1.98,2.0,0.8149452773501845,0.1290322580645161,1.6046025736123746,0.9813191294670104,0.495,1.01,0.99,1.02020202020202,0.2568137158387324,0.40134139092430215,0.0,0.40134139092430215,0.0,0.05016767386553777,0.0,3.6188860822934013
170,Mpala07-121,121,0.3623188405797101,0.2028985507246377,0.3623188405797101,0.2028985507246377,121.0,121.0,20/01/2022,10.0,5.0,0.0,0.0,4.0,2.25,33.05,32.16,Segera Border,OUT,,small,16.0905,16.9595,16.0695,0.89,5.0,0.05,0.0200083572417497,0.0230076177977025,0.0254312632605433,0.0342798996716737,0.0403657764941453,0.0407928340137004,0.0285126883536577,0.0069645196199417,1.0,0.0,0.02,0.4908091900241267,0.032258064516129,0.5043945074610345,1.0,0.0,0.02,0.0,0.0,0.2859763977033456,0.8008736268312568,0.45354663872957696,0.8008736268312568,0.45354663872957696,0.1001092033539071,0.06479237696136814,2.7769230653885852
