,featureid,id,coverherb_0m,coverherb_5cm,cover_0m,cover_5cm,Plot #,GPS #,Date Harvested,% Cover,Height 1,Height 2,Height 3,Height 4,Average Height,Wet Weight (g),Dry Weight (g),Site,Type,Tree Species,Bag Size,Average Bag Weight (g),Wet Weight Without Bag (g),Dry Weight Without Bag (g),Water Weight (g),Max Height (cm),Max Height (m),0,25,50,75,98,100,mean,std,nlayers,gapsize,maxpeakh,ptoh,cscore,FHD,VDR,VDRpeak,meanpeakh,stdpeakh,cvpeakh,herbh,log(DryWeight)
0,Mpala01-13,13,0.5081967213114754,0.1639344262295081,0.5081967213114754,0.1639344262295081,13.0,13.0,14/01/2022,40.0,13.0,5.0,4.0,11.0,8.25,52.17,50.98,KLEE,OUT,,small,16.0905,36.0795,34.8895,1.19,13.0,0.13,0.0509844608604908,0.0543620325624942,0.0594582725316286,0.0631488058716058,0.0812085200846195,0.0822539553046226,0.0616868063807487,0.0098644280806183,1.0,0.0,0.05,0.6078735036488879,0.032258064516129,0.4461368445195232,0.8855887651443481,0.0,0.05,0.0,0.0,0.2647462757932589,3.552185924342199
1,Mpala01-1,1,0.3035714285714285,0.0,0.3035714285714285,0.0,1.0,1.0,14/01/2022,15.0,5.0,3.0,3.0,4.0,3.75,24.87,24.57,KLEE,OUT,,small,16.0905,8.7795,8.4795,0.3,5.0,0.05,0.0,0.0,0.0,0.0,0.0,0.0,0.0,0.0,1.0,0.0,0.05,1.0457066789080771,0.032258064516129,0.0895780266675439,1.0,0.0,0.05,0.0,0.0,0.1721589886710147,2.137651485801318
2,Mpala01-2,2,0.3985712714149003,0.13190460474823357,0.4,0.1333333333333333,2.0,2.0,14/01/2022,70.0,14.0,8.0,12.0,17.0,12.75,90.56,87.44,KLEE,OUT,,small,16.0905,74.4695,71.3495,3.12,17.0,0.17,0.0531597658991813,0.0552528640255332,0.0565183274447917,0.0617740331217646,0.0747127520292997,0.0758378580212593,0.0605085678398609,0.0089649427682161,1.0,0.0,0.05,0.6593013213266613,0.032258064516129,0.3926744672275521,1.0,0.0,0.05,0.0,0.0,0.2478569071223504,4.267590336189812
3,Mpala01-3,3,0.3488372093023256,0.2558139534883721,0.3488372093023256,0.2558139534883721,3.0,3.0,14/01/2022,75.0,54.0,26.0,50.0,53.0,45.75,181.27,172.07,KLEE,OUT,,small,16.0905,165.1795,155.9795,9.2,54.0,0.54,0.0508390851318836,0.0734467394649982,0.1104505285620689,0.1816710010170936,0.206761172413826,0.2098085284233093,0.1212436631321907,0.0566500835120677,1.0,0.0,0.05,0.2383125241654623,0.032258064516129,0.5686327461499967,1.0,0.0,0.05,0.0,0.0,0.3152659989862418,5.049724588358043
4,Mpala01-4,4,0.8557246432531103,0.82542161295008,0.8939393939393939,0.8636363636363636,4.0,4.0,14/01/2022,100.0,38.0,25.0,34.0,64.0,40.25,420.07,387.73,KLEE,IN,BO,big,32.334,387.736,355.396,32.34,64.0,0.64,0.0537198260426521,0.1512426286935806,0.1963263154029846,0.2757149040699005,1.2708138751983644,1.3029143810272217,0.2809781730175018,0.2810881733894348,2.0,1.25,1.5,1.151265211162529,0.0806451612903225,1.1225814651460002,0.8531129956245422,0.4166666666666667,0.875,0.625,1.4,0.86945661367632,5.873232660733184
5,Mpala01-5,5,0.29742463500423194,0.04390350824366857,0.3098591549295774,0.056338028169014,5.0,5.0,14/01/2022,15.0,3.0,5.0,0.0,33.0,10.25,31.15,30.32,KLEE,OUT,,small,16.0905,15.0595,14.2295,0.83,33.0,0.33,0.0606064908206462,0.0732823284342885,0.090400543063879,0.1133137233555316,0.1409695991873741,0.1433744579553604,0.0961955115199089,0.0311931502074003,1.0,0.0,0.05,0.3533468712728035,0.032258064516129,0.2167702581163254,1.0,0.0,0.05,0.0,0.0,0.2058574542650237,2.6553172744500064
6,Mpala01-6,6,0.28243661379014506,0.021072977426508672,0.2954545454545454,0.034090909090909,6.0,6.0,14/01/2022,60.0,15.0,10.0,8.0,11.0,11.0,92.03,89.81,KLEE,OUT,,small,16.0905,75.9395,73.7195,2.22,15.0,0.15,0.0517491921782493,0.0585562027990818,0.0653632134199142,0.077809065580368,0.0892592495679855,0.0902549177408218,0.0691224411129951,0.015943057835102,1.0,0.0,0.05,0.58919384222574,0.0483870967741935,0.2961703143909631,1.0,0.0,0.05,0.0,0.0,0.1736281342355179,4.300267350358654
7,Mpala01-7,7,0.3047619047619048,0.20952380952380956,0.5619047619047619,0.4666666666666667,7.0,7.0,14/01/2022,90.0,26.0,13.0,10.0,17.0,16.5,120.47,117.12,KLEE,IN,AD,small,16.0905,104.3795,101.0295,3.35,26.0,0.26,0.063186764717102,0.1145239062607288,1.6252013444900513,1.7076650857925415,1.7928355693817135,1.8032104969024656,1.1749130487442017,0.7313655018806458,2.0,1.7,1.75,0.9714651917377608,0.0967741935483871,1.3452591278401205,0.9325639009475708,0.4857142857142857,0.9,0.85,1.0588235294117647,0.3945148333117597,4.6154125534023525
8,Mpala01-8,8,0.490909090909091,0.25454545454545463,0.5,0.2636363636363636,8.0,8.0,14/01/2022,100.0,19.0,23.0,17.0,15.0,18.5,197.14,193.03,KLEE,IN,AD,big,32.334,164.806,160.696,4.11,23.0,0.23,0.0518829710781574,0.071034736931324,0.0983533188700676,0.1116961017251014,0.6212558221817015,0.8481956720352173,0.1336720138788223,0.1803869158029556,1.0,0.0,0.05,0.0589486620227932,0.0483870967741935,0.6540580699398688,1.0,0.0,0.05,0.0,0.0,0.3217719059249366,5.079514381332246
9,Mpala01-9,9,0.24396310187524678,0.015391673303818174,0.2571428571428571,0.0285714285714285,9.0,9.0,14/01/2022,10.0,3.0,3.0,3.0,0.0,2.25,22.88,22.86,KLEE,OUT,,small,16.0905,6.7895,6.7695,0.02,3.0,0.03,0.0544375851750373,0.0544375851750373,0.0544375851750373,0.0544375851750373,0.0544375851750373,0.0544375851750373,0.0544375851750373,0.0,1.0,0.0,0.05,0.9184830634796002,0.0483870967741935,0.3398788304140617,1.0,0.0,0.05,0.0,0.0,0.1577417131267275,1.9124272289530286
10,Mpala01-10,10,0.6595744680851063,0.6382978723404256,0.6595744680851063,0.6382978723404256,10.0,10.0,14/01/2022,100.0,60.0,59.0,37.0,29.0,46.25,511.3,502.4,KLEE,OUT,,big,32.334,478.966,470.066,8.9,60.0,0.6,0.0524567849934101,0.087323660030961,0.2096667811274528,0.2594544813036918,0.2806017065048218,0.2809243202209472,0.1805797070264816,0.0848911628127098,1.0,0.0,0.25,0.8899193911135025,0.0483870967741935,1.0245498749807542,0.6956249475479126,0.0,0.25,0.0,0.0,0.6235020627633964,6.152873110377278
11,Mpala01-11,11,0.2803413077630544,0.012484164905911477,0.2857142857142857,0.0178571428571428,11.0,11.0,14/01/2022,30.0,5.0,0.0,15.0,4.0,6.0,32.86,32.65,KLEE,OUT,,small,16.0905,16.7695,16.5595,0.21,15.0,0.15,0.0522834844887256,0.0522834844887256,0.0522834844887256,0.0522834844887256,0.0522834844887256,0.0522834844887256,0.0522834844887256,0.0,1.0,0.0,0.05,0.9563249368121578,0.032258064516129,0.0895780266675439,1.0,0.0,0.05,0.0,0.0,0.189822646946209,2.8069599552645736
12,Mpala01-12,12,0.42222222222222217,0.2814814814814815,0.4481481481481481,0.3074074074074074,12.0,12.0,14/01/2022,100.0,33.0,17.0,18.0,21.0,22.25,211.21,202.53,KLEE,IN,AD,big,32.334,178.876,170.196,8.68,33.0,0.33,0.050225805491209,0.0708686579018831,0.0922134183347225,0.1402435153722763,1.8558730983734144,2.309213399887085,0.3480755388736725,0.6234939694404602,2.0,1.95,2.0,1.0261076140165504,0.0806451612903225,0.8222677119363249,1.0,0.4875,1.025,0.975,1.051282051282051,0.3435273266044145,5.136950714100471
13,Mpala01-14,14,0.3684210526315789,0.0,0.3684210526315789,0.0,14.0,14.0,14/01/2022,25.0,4.0,0.0,0.0,14.0,4.5,49.55,48.62,KLEE,OUT,,small,16.0905,33.4595,32.5295,0.93,14.0,0.14,0.0,0.0,0.0,0.0,0.0,0.0,0.0,0.0,1.0,0.0,0.05,1.2036777402295673,0.0161290322580645,-0.0,1.0,0.0,0.05,0.0,0.0,0.1832085589008133,3.482147369939836
14,Mpala01-15,15,0.1707317073170731,0.0,0.1707317073170731,0.0,15.0,15.0,14/01/2022,10.0,2.0,0.0,0.0,0.0,0.5,23.04,22.74,KLEE,OUT,,small,16.0905,6.9495,6.6495,0.3,2.0,0.02,0.0,0.0,0.0,0.0,0.0,0.0,0.0,0.0,1.0,0.0,0.05,2.20474692248866,0.032258064516129,0.1146652822029065,1.0,0.0,0.05,0.0,0.0,0.1681625613289954,1.8945416638710808
15,Mpala01-16,16,0.6753246753246753,0.4025974025974026,0.6753246753246753,0.4025974025974026,16.0,16.0,14/01/2022,100.0,23.0,26.0,21.0,18.0,22.0,279.71,265.47,KLEE,IN,BA,big,32.334,247.376,233.136,14.24,26.0,0.26,0.0501362420618534,0.0689074732363224,0.1001922562718391,0.1249240674078464,0.1780647158622741,0.1886617839336395,0.1011956185102462,0.0388991348445415,1.0,0.0,0.05,0.2676976800516011,0.032258064516129,0.6740507779895553,0.8327710628509521,0.0,0.05,0.0,0.0,0.3993910426462076,5.451621974271498
16,Mpala01-17,17,0.3787878787878788,0.1969696969696969,0.3787878787878788,0.1969696969696969,17.0,17.0,14/01/2022,40.0,0.0,12.0,10.0,8.0,7.5,83.82,81.87,KLEE,OUT,,small,16.0905,67.7295,65.7795,1.95,12.0,0.12,0.0503027848899364,0.0571717731654644,0.0711958259344101,0.0770225301384925,0.0974775767326354,0.1018389165401458,0.0703515112400055,0.0137058366090059,1.0,0.0,0.05,0.490971444892479,0.032258064516129,0.4961727258860856,1.0,0.0,0.05,0.0,0.0,0.2827277202989447,4.186308239637465
17,Mpala01-18,18,0.26161547815469705,0.04456121458880552,0.5129198966408269,0.2958656330749354,18.0,18.0,14/01/2022,70.0,5.0,14.0,12.0,16.0,11.75,78.23,76.1,KLEE,IN,AD,small,16.0905,62.1395,60.0095,2.13,16.0,0.16,0.0503362901508808,2.275740087032318,2.4793896675109863,2.607749938964844,2.713310956954956,2.71961522102356,2.1436166763305664,0.8655000925064087,2.0,2.7,2.75,1.0127755647439889,0.0806451612903225,1.2113751963049837,0.9822632670402528,0.4909090909090909,1.4,1.35,1.037037037037037,0.2416132227318638,4.0945028830220345
18,Mpala01-19,19,0.1886792452830188,0.0,0.1886792452830188,0.0,19.0,19.0,14/01/2022,20.0,0.0,4.0,0.0,5.0,2.25,36.33,35.35,KLEE,OUT,,small,16.0905,20.2395,19.2595,0.98,5.0,0.05,0.0,0.0,0.0,0.0,0.0,0.0,0.0,0.0,1.0,0.0,0.05,1.969134851195908,0.0161290322580645,-0.0,1.0,0.0,0.05,0.0,0.0,0.1832085589008133,2.9580044454930197
19,Mpala01-20,20,0.45,0.3,0.45,0.3,20.0,20.0,14/01/2022,90.0,16.0,16.0,22.0,17.0,17.75,167.16,162.82,KLEE,OUT,,small,16.0905,151.0695,146.7295,4.34,22.0,0.22,0.0526633523404598,0.0558272339403629,0.0652761347591877,0.0801162626594305,0.0986125920712947,0.0999636054039001,0.0696765258908271,0.0157764684408903,1.0,0.0,0.05,0.5001820392329429,0.032258064516129,,1.0,0.0,0.05,0.0,0.0,0.340137455157466,4.9885907555941325
20,Mpala01-21,21,0.3775510204081632,0.1836734693877551,0.3775510204081632,0.1836734693877551,21.0,21.0,14/01/2022,95.0,47.0,50.0,26.0,22.0,36.25,244.19,238.38,KLEE,OUT,,big,32.334,211.856,206.046,5.81,50.0,0.5,0.0573891215026378,0.0744045097380876,0.0896164625883102,0.1310670487582683,0.1773092791438102,0.194769874215126,0.1008134856820106,0.035875491797924,1.0,0.0,0.05,0.2801001891636964,0.0483870967741935,0.5317728665580652,1.0,0.0,0.05,0.0,0.0,0.2682091772151577,5.328099444832504
21,Mpala01-22,22,0.4545454545454545,0.1454545454545454,0.4545454545454545,0.1454545454545454,22.0,22.0,14/01/2022,40.0,20.0,12.0,0.0,6.0,9.5,102.86,100.61,KLEE,OUT,,small,16.0905,86.7695,84.5195,2.25,20.0,0.2,0.0521607883274555,0.0667833499610424,0.0720926895737648,0.0965126883238554,0.1254286673665046,0.1278018504381179,0.0824237316846847,0.0241073351353406,1.0,0.0,0.05,0.3912306420337015,0.032258064516129,,1.0,0.0,0.05,0.0,0.0,0.2547753836841793,4.436982276970774
22,Mpala01-23,23,0.3461538461538461,0.173076923076923,0.3461538461538461,0.173076923076923,23.0,23.0,14/01/2022,70.0,26.0,4.0,7.0,40.0,19.25,99.01,96.35,KLEE,OUT,,small,16.0905,82.9195,80.2595,2.66,40.0,0.4,0.0558212585747242,0.0616435296833515,0.0692348629236221,0.0827577337622642,0.0900787058472633,0.0901956036686897,0.0716385468840599,0.0122333206236362,1.0,0.0,0.05,0.5543507440081237,0.032258064516129,0.4607316768343282,1.0,0.0,0.05,0.0,0.0,0.2697023685185493,4.385265135066064
23,Mpala01-24,24,0.46,0.14,0.46,0.14,24.0,24.0,14/01/2022,20.0,3.0,0.0,5.0,13.0,5.25,33.59,32.3,KLEE,OUT,,small,16.0905,17.4995,16.2095,1.29,13.0,0.13,0.0502325668931007,0.0558314640074968,0.0568468943238258,0.0619774926453828,0.0676539120078086,0.0680000036954879,0.0586710534989833,0.0056121847592294,1.0,0.0,0.05,0.7352940776871997,0.032258064516129,0.4049634850639385,1.0,0.0,0.05,0.0,0.0,0.2518443001857686,2.7855974901145526
24,Mpala01-25,25,0.34042288397079157,0.09280383635174388,0.3619047619047619,0.1142857142857142,25.0,25.0,14/01/2022,70.0,25.0,40.0,44.0,81.0,47.5,178.79,167.46,KLEE,OUT,,small,16.0905,162.6995,151.3695,11.33,81.0,0.81,0.053066037595272,0.0565019706264138,0.058000000193715,0.0819704513996839,0.1817355114221572,0.1850112229585647,0.0821315646171569,0.0440336689352989,1.0,0.0,0.05,0.2789339407176595,0.0483870967741935,0.4816023787938643,1.0,0.0,0.05,0.0,0.0,0.2124067136155519,5.019723867604586
25,Mpala01-26,26,0.45406086436578724,0.40911704414106803,0.7228464419475656,0.6779026217228464,26.0,26.0,14/01/2022,80.0,9.0,13.0,14.0,9.0,11.25,209.2,204.55,KLEE,IN,AD,big,32.334,176.866,172.216,4.65,14.0,0.14,0.0529593899846077,0.1007565259933471,1.1288824081420898,1.8395384550094604,2.7457754611968994,2.884805202484131,1.091476321220398,0.938822627067566,3.0,1.75,2.75,0.973519888716386,0.1774193548387097,1.9758401567278143,0.8139851689338684,0.2727272727272727,1.6666666666666667,1.047483757498045,1.59111456835146,0.6507135580346909,5.148749502892145
26,Mpala01-27,27,0.31402115014173515,0.014021150141735172,0.32,0.02,27.0,27.0,14/01/2022,40.0,4.0,5.0,29.0,6.0,11.0,40.36,38.81,KLEE,OUT,,small,16.0905,24.2695,22.7195,1.55,29.0,0.29,0.0619045011699199,0.0619045011699199,0.0619045011699199,0.0619045011699199,0.0619045011699199,0.0619045011699199,0.0619045011699199,0.0,1.0,0.0,0.05,0.807695709602059,0.032258064516129,0.0935999632458157,1.0,0.0,0.05,0.0,0.0,0.1902115014173517,3.1232235865685385
27,Mpala01-29,29,0.6119402985074627,0.4029850746268656,0.6119402985074627,0.4029850746268656,29.0,29.0,14/01/2022,80.0,27.0,22.0,19.0,36.0,26.0,279.24,269.1,KLEE,OUT,,big,32.334,246.906,236.766,10.14,36.0,0.36,0.0530814044177532,0.0751651190221309,0.0935468077659607,0.118216224014759,0.1783293294906616,0.1819007694721222,0.102833941578865,0.038071870803833,1.0,0.0,0.05,0.2749443513209521,0.032258064516129,0.6742034619779163,0.8101364374160767,0.0,0.05,0.0,0.0,0.3996190268522728,5.4670723116200195
28,Mpala01-30,30,0.5147058823529411,0.1764705882352941,0.5147058823529411,0.1764705882352941,30.0,30.0,14/01/2022,35.0,12.0,9.0,0.0,14.0,8.75,55.46,54.21,KLEE,OUT,,small,16.0905,39.3695,38.1195,1.25,14.0,0.14,0.0548603422939777,0.0744258165359497,0.0965571179986,0.128784954547882,0.1637286400794982,0.1681512296199798,0.102868802845478,0.0342080295085907,1.0,0.0,0.05,0.2979450403580963,0.032258064516129,0.4659992569610426,0.939686954021454,0.0,0.05,0.0,0.0,0.271545986942704,3.640725962225688
29,Mpala01-28,28,0.3472222222222223,0.2222222222222223,0.5555555555555556,0.4305555555555556,28.0,28.0,14/01/2022,90.0,49.0,50.0,45.0,30.0,43.5,183.72,173.03,KLEE,IN,AD,big,32.334,151.386,140.696,10.69,50.0,0.5,0.0516738221049308,0.1014085933566093,1.997506856918335,2.0754473209381104,2.2086101245880125,2.209322214126587,1.3556886911392212,0.9429690837860109,2.0,2.2,2.25,1.0184367524041722,0.064516129032258,1.3009573950336957,0.9572032690048218,0.4888888888888889,1.15,1.1,1.0454545454545452,0.3766374453037799,4.946601534434063
30,Mpala02-53,53,0.0,0.0,0.0,0.0,53.0,53.0,15/01/2022,70.0,25.0,18.0,33.0,17.0,23.25,125.87,120.8,GLADE South,OUT,,small,16.0905,109.7795,104.7095,5.07,33.0,0.33,0.0515550039708614,0.0534548377618193,0.0547439828515052,0.0641034413129091,0.0881253533065319,0.0902142152190208,0.0628142952919006,0.0158796049654483,1.0,0.0,0.05,0.5542363792514371,0.032258064516129,0.2868359830561607,0.777781069278717,0.0,0.05,0.0,0.0,0.218844878365339,4.651189849194855
31,Mpala02-55,55,0.0,0.0,0.0,0.0,55.0,55.0,15/01/2022,10.0,12.0,0.0,6.0,0.0,4.5,23.32,21.58,GLADE South,OUT,,small,16.0905,7.2295,5.4895,1.74,12.0,0.12,0.0,0.0,0.0,0.0,0.0,0.0,0.0,0.0,1.0,0.0,0.05,1.5421873507908914,0.0161290322580645,-0.0,1.0,0.0,0.05,0.0,0.0,0.1832085589008133,1.70283717669265
32,Mpala02-54,54,0.0,0.0,0.0,0.0,54.0,54.0,15/01/2022,80.0,20.0,26.0,24.0,18.0,22.0,140.99,132.22,GLADE South,OUT,,small,16.0905,124.8995,116.1295,8.77,26.0,0.26,0.0,0.0,0.0,0.0,0.0,0.0,0.0,0.0,1.0,0.0,0.05,1.8734514991948503,0.0161290322580645,-0.0,1.0,0.0,0.05,0.0,0.0,0.1832085589008133,4.754705947728721
33,Mpala02-56,56,0.0,0.0,0.0,0.0,56.0,56.0,15/01/2022,60.0,14.0,26.0,3.0,11.0,13.5,64.75,57.78,GLADE South,IN,AE,small,16.0905,48.6595,41.6895,6.97,26.0,0.26,0.0640254169702529,0.968902200460434,1.9770236015319824,2.0982298254966736,2.309794144630432,2.3725757598876958,1.5444488525390625,0.6549074649810791,3.0,1.25,2.25,0.9534264753534176,0.1129032258064516,0.9726706859248236,0.9940559267997742,0.5555555555555556,1.1,0.900925450115972,1.2209667291099413,0.1903222373749547,3.730249298537024
34,Mpala02-57,57,0.0,0.0,0.0,0.0,57.0,57.0,15/01/2022,15.0,13.0,0.0,10.0,17.0,10.0,46.3,44.28,GLADE South,IN,AE,small,16.0905,30.2095,28.1895,2.02,17.0,0.17,1.450863242149353,1.8682560920715328,2.072481155395508,2.466568946838379,3.023945779800415,3.088855028152466,2.156841993331909,0.4394025206565857,2.0,1.95,2.0,0.6499205505437754,0.1451612903225806,1.7216730907175126,0.4923396110534668,0.4875,1.025,0.975,1.051282051282051,0.1832085589008132,3.338949568182628
35,Mpala02-58,58,0.0,0.0,0.0,0.0,58.0,58.0,15/01/2022,0.0,0.0,0.0,0.0,0.0,0.0,0.0,0.0,GLADE South,OUT,,,0.0,0.0,0.0,0.0,0.0,0.0,0.0,0.0,0.0,0.0,0.0,0.0,0.0,0.0,1.0,0.0,0.05,2.2473339540871047,0.0161290322580645,-0.0,1.0,0.0,0.05,0.0,0.0,0.1832085589008133,0.0
36,Mpala02-59,59,0.5277777777777778,0.0,0.5277777777777778,0.0,59.0,59.0,15/01/2022,30.0,10.0,7.0,18.0,22.0,14.25,44.34,42.13,GLADE South,OUT,,small,16.0905,28.2495,26.0395,2.21,22.0,0.22,0.0,0.0,0.0,0.0,0.0,0.0,0.0,0.0,1.0,0.0,0.05,1.220729533087462,0.0161290322580645,-0.0,1.0,0.0,0.05,0.0,0.0,0.1832085589008133,3.259614615927144
37,Mpala02-48,48,0.0,0.0,0.0,0.0,48.0,48.0,15/01/2022,70.0,5.0,16.0,38.0,19.0,19.5,64.15,61.5,GLADE South,,AE,small,16.0905,48.0595,45.4095,2.65,38.0,0.38,0.0760770216584205,1.335311770439148,1.4698718786239624,1.690761685371399,3.401022930145264,3.457311153411865,1.7539770603179932,0.7935411930084229,3.0,2.0,3.5,1.0169465318723003,0.1451612903225806,1.5572369810906823,0.6948598623275757,0.5714285714285714,1.6833333333333331,1.4144099672851418,1.190131130484304,0.1916187747729813,3.8157213342586656
38,Mpala02-45,45,1.0,0.0,1.0,0.0,45.0,45.0,15/01/2022,20.0,0.0,0.0,6.0,6.0,3.0,34.76,33.68,GLADE South,OUT,,small,16.0905,18.6695,17.5895,1.08,6.0,0.06,0.0,0.0,0.0,0.0,0.0,0.0,0.0,0.0,1.0,0.0,0.05,1.3609367409701731,0.0161290322580645,-0.0,0.7361013889312744,0.0,0.05,0.0,0.0,0.1832085589008133,2.8673021331038475
39,Mpala02-44,44,1.0,0.0,1.0,0.0,44.0,44.0,15/01/2022,60.0,4.0,6.0,0.0,9.0,4.75,30.38,30.12,GLADE South,OUT,,small,16.0905,14.2895,14.0295,0.26,9.0,0.09,0.0,0.0,0.0,0.0,0.0,0.0,0.0,0.0,1.0,0.0,0.05,2.543220087193262,0.0161290322580645,-0.0,1.0,0.0,0.05,0.0,0.0,0.1832085589008133,2.641162255560578
40,Mpala02-46,46,1.0,0.0,1.0,0.0,46.0,46.0,15/01/2022,60.0,34.0,24.0,3.0,24.0,21.25,91.68,58.82,GLADE South,OUT,,small,16.0905,75.5895,42.7295,32.86,34.0,0.34,0.0,0.0,0.0,0.0,0.0,0.0,0.0,0.0,1.0,0.0,0.05,1.9541408008342005,0.0161290322580645,-0.0,1.0,0.0,0.05,0.0,0.0,0.1832085589008133,3.7548895482067093
41,Mpala02-47,47,0.29411764705882354,0.11764705882352938,0.5686274509803921,0.392156862745098,47.0,47.0,15/01/2022,40.0,33.0,24.0,24.0,22.0,25.75,68.48,69.85,GLADE South,,AE,small,16.0905,52.3895,53.7595,-1.37,33.0,0.33,0.0538377612829208,1.5570433139801023,1.938331127166748,2.684999942779541,2.886870460510254,2.919530153274536,1.840467095375061,0.9733982682228088,3.0,1.7,2.75,0.9431385896044246,0.1451612903225806,1.950370004143701,0.4094940423965454,0.3636363636363636,1.5166666666666666,1.114550233153366,1.3607880753616677,0.4032218907633291,3.9845203955764052
42,Mpala02-49,49,0.6153846153846154,0.0,0.6153846153846154,0.0,49.0,49.0,15/01/2022,80.0,22.0,9.0,22.0,15.0,17.0,167.01,156.75,GLADE South,OUT,,small,16.0905,150.9195,140.6595,10.26,22.0,0.22,0.0,0.0,0.0,0.0,0.0,0.0,0.0,0.0,1.0,0.0,0.05,1.6519518735023089,0.0161290322580645,-0.0,1.0,0.0,0.05,0.0,0.0,0.1832085589008133,4.946342076202717
43,Mpala02-51,51,0.5454545454545454,0.0,0.5454545454545454,0.0,51.0,51.0,15/01/2022,0.0,0.0,0.0,0.0,0.0,0.0,0.0,0.0,GLADE South,OUT,,,0.0,0.0,0.0,0.0,0.0,0.0,0.0,0.0,0.0,0.0,0.0,0.0,0.0,0.0,1.0,0.0,0.05,2.272922225269508,0.0161290322580645,-0.0,1.0,0.0,0.05,0.0,0.0,0.1832085589008133,0.0
44,Mpala02-50,50,0.6666666666666666,0.0,0.6666666666666666,0.0,50.0,50.0,15/01/2022,10.0,0.0,0.0,7.0,0.0,1.75,20.71,20.37,GLADE South,OUT,,small,16.0905,4.6195,4.2795,0.34,7.0,0.07,0.0500065200030803,0.0539628453552722,0.056390143930912,0.0605728961527347,0.0607474263012409,0.0607626028358936,0.0563390031456947,0.0040802736766636,1.0,0.0,0.05,0.825339687697523,0.032258064516129,0.1377334895419219,0.6462652087211609,0.0,0.05,0.0,0.0,0.1949526305257005,1.4538361803395272
45,Mpala02-52,52,0.0,0.0,0.0,0.0,52.0,52.0,15/01/2022,80.0,12.0,18.0,15.0,11.0,14.0,100.23,97.6,GLADE South,OUT,,small,16.0905,84.1395,81.5095,2.63,18.0,0.18,0.0,0.0,0.0,0.0,0.0,0.0,0.0,0.0,1.0,0.0,0.05,3.133153407011851,0.0161290322580645,-0.0,1.0,0.0,0.05,0.0,0.0,0.1832085589008133,4.400719577870891
46,Mpala02-42,42,0.0,0.0,0.5,0.5,42.0,42.0,15/01/2022,60.0,24.0,4.0,26.0,30.0,21.0,149.08,136.23,GLADE South,,AE,small,16.0905,132.9895,120.1395,12.85,30.0,0.3,1.0178288221359253,1.1719393730163574,1.5012133717536926,1.7417320013046265,2.2342486715316774,2.245246171951294,1.511318922042847,0.3535979688167572,2.0,1.45,1.5,0.6684839823043026,0.0967741935483871,1.5046454573244494,0.522314190864563,0.4833333333333333,0.775,0.725,1.0689655172413794,0.1832454169883575,4.788653567602134
47,Mpala02-37,37,0.0,0.0,0.0,0.0,37.0,37.0,15/01/2022,40.0,23.0,3.0,16.0,0.0,10.5,97.65,93.59,GLADE South,OUT,,small,16.0905,81.5595,77.4995,4.06,23.0,0.23,0.0,0.0,0.0,0.0,0.0,0.0,0.0,0.0,1.0,0.0,0.05,3.122387059019628,0.0161290322580645,-0.0,1.0,0.0,0.05,0.0,0.0,0.1832085589008133,4.350271484725587
48,Mpala02-36,36,0.0,0.0,0.611111111111111,0.611111111111111,36.0,36.0,15/01/2022,50.0,20.0,0.0,21.0,17.0,14.5,66.97,63.71,GLADE South,,AE,small,16.0905,50.8795,47.6195,3.26,21.0,0.21,1.301802635192871,2.6469093561172485,3.1921969652175903,3.858007490634918,4.146920919418335,4.207341194152832,3.150913953781128,0.7413560152053833,4.0,1.7,4.0,0.9518470414270482,0.2096774193548387,2.0344300555026678,0.3751622140407562,0.40625,2.2,1.4752118491931931,1.4913112318093162,0.1832085589008133,3.8632423412135894
49,Mpala02-35,35,0.0,0.0,0.0,0.0,35.0,35.0,15/01/2022,70.0,3.0,0.0,15.0,11.0,7.25,54.82,53.85,GLADE South,OUT,,small,16.0905,38.7295,37.7595,0.97,15.0,0.15,0.0,0.0,0.0,0.0,0.0,0.0,0.0,0.0,1.0,0.0,0.05,1.277647641623575,0.0161290322580645,-0.0,1.0,0.0,0.05,0.0,0.0,0.1832085589008133,3.6312370996642067
50,Mpala02-34,34,0.0,0.0,0.0,0.0,34.0,34.0,15/01/2022,40.0,0.0,0.0,11.0,24.0,8.75,54.39,53.26,GLADE South,OUT,,small,16.0905,38.2995,37.1695,1.13,24.0,0.24,0.0610000006854534,0.0624307207763195,0.0703818425536155,0.0721143409609794,0.0799396553635597,0.0806201174855232,0.0693093985319137,0.0071177594363689,1.0,0.0,0.05,0.620192596580852,0.0483870967741935,0.4822459273311376,0.8717596530914307,0.0,0.05,0.0,0.0,0.2199911792425295,3.6154885325103185
51,Mpala02-60,60,0.0,0.0,0.0,0.0,60.0,60.0,15/01/2022,10.0,12.0,2.0,0.0,0.0,3.5,19.41,19.3,GLADE South,OUT,,small,16.0905,3.3195,3.2095,0.11,12.0,0.12,0.051355555653572,0.0522251641377806,0.0556132216006517,0.0613077590242028,0.0658968439698219,0.0659229606389999,0.0570897571742534,0.0054293340072035,1.0,0.0,0.05,0.7584610811672203,0.032258064516129,0.535959889216217,0.7640529274940491,0.0,0.05,0.0,0.0,0.2994016915092122,1.1661151617696959
52,Mpala02-32,32,0.4545454545454545,0.3636363636363636,0.4545454545454545,0.3636363636363636,32.0,32.0,15/01/2022,5.0,0.0,0.0,0.0,4.0,1.0,19.24,19.19,GLADE South,OUT,,small,16.0905,3.1495,3.0995,0.05,4.0,0.04,0.0506524592638015,0.0637163612991571,0.0693381465971469,0.0760153047740459,0.0818230281770229,0.0821707099676132,0.069157637655735,0.0085027106106281,1.0,0.0,0.05,0.6084893269110978,0.032258064516129,0.5672739606962847,0.6967062950134277,0.0,0.05,0.0,0.0,0.3145575951835631,1.131240808159837
53,Mpala02-33,33,0.5,0.0,0.5,0.0,33.0,33.0,15/01/2022,5.0,0.0,0.0,0.0,0.0,0.0,18.86,18.85,GLADE South,OUT,,small,16.0905,2.7695,2.7595,0.01,0.0,0.0,0.0638431534171104,0.0648823659867048,0.0659215785562992,0.0669607911258935,0.0679168666899204,0.0680000036954879,0.0659215748310089,0.0020784251391887,1.0,0.0,0.05,0.7352940776871997,0.032258064516129,0.1881129274145737,0.8534426093101501,0.0,0.05,0.0,0.0,0.201508027032904,1.015049503897419
54,Mpala02-31,31,0.6666666666666666,0.2777777777777778,0.6666666666666666,0.2777777777777778,31.0,31.0,15/01/2022,5.0,0.0,0.0,0.0,4.0,1.0,18.38,18.36,GLADE South,OUT,,small,16.0905,2.2895,2.2695,0.02,4.0,0.04,0.0517915152013301,0.0628140456974506,0.0674525424838066,0.0701121650636196,0.0792778956890106,0.0797088220715522,0.0665945932269096,0.0074013131670653,1.0,0.0,0.05,0.6282895656764713,0.032258064516129,0.5587400294399866,0.8138137459754944,0.0,0.05,0.0,0.0,0.3102127772221676,0.8195595429143832
55,Mpala02-39,39,0.060975609756097504,0.0,0.3678861788617885,0.306910569105691,39.0,39.0,15/01/2022,70.0,16.0,32.0,28.0,27.0,25.75,100.62,94.3,GLADE South,,AE,small,16.0905,84.5295,78.2095,6.32,32.0,0.32,2.0214080810546875,3.746031045913696,4.045214653015137,4.263246536254883,4.817224063873291,5.05309534072876,3.980833053588867,0.4759591519832611,3.0,2.2,4.25,0.8536098131342551,0.1612903225806451,1.7684072430678637,0.2872362732887268,0.4705882352941176,2.183333333333333,1.715290710702481,1.2728648967259724,0.1832085589008133,4.359391123548717
56,Mpala02-40,40,0.2,0.0,0.2,0.0,40.0,40.0,15/01/2022,0.0,0.0,0.0,0.0,0.0,0.0,0.0,0.0,GLADE South,OUT,,,0.0,0.0,0.0,0.0,0.0,0.0,0.0,0.0,0.0,0.0,0.0,0.0,0.0,0.0,1.0,0.0,0.05,2.229056783450825,0.0161290322580645,-0.0,1.0,0.0,0.05,0.0,0.0,0.1832085589008133,0.0
57,Mpala02-41,41,0.4126984126984127,0.0,0.4126984126984127,0.0,41.0,41.0,15/01/2022,20.0,4.0,0.0,4.0,0.0,2.0,24.26,24.18,GLADE South,OUT,,small,16.0905,8.1695,8.0895,0.08,4.0,0.04,0.0,0.0,0.0,0.0,0.0,0.0,0.0,0.0,1.0,0.0,0.05,1.8145703733857423,0.0161290322580645,,1.0,0.0,0.05,0.0,0.0,0.1832085589008133,2.090566924463254
58,Mpala02-38,38,0.0,0.0,0.0,0.0,38.0,38.0,15/01/2022,70.0,17.0,3.0,8.0,12.0,10.0,68.1,67.16,GLADE South,OUT,,small,16.0905,52.0095,51.0695,0.94,17.0,0.17,0.0,0.0,0.0,0.0,0.0,0.0,0.0,0.0,1.0,0.0,0.05,2.050444320106634,0.0161290322580645,-0.0,1.0,0.0,0.05,0.0,0.0,0.1832085589008133,3.9331874501279755
59,Mpala02-43,43,0.0,0.0,0.0,0.0,43.0,43.0,15/01/2022,70.0,16.0,27.0,25.0,21.0,22.25,70.17,66.54,GLADE South,OUT,,small,16.0905,54.0795,50.4495,3.63,27.0,0.27,0.0,0.0,0.0,0.0,0.0,0.0,0.0,0.0,1.0,0.0,0.05,1.3263845497203004,0.0161290322580645,-0.0,1.0,0.0,0.05,0.0,0.0,0.1832085589008133,3.9209728359477305
60,Mpala03-61,61,0.4166666666666667,0.2708333333333333,0.4166666666666667,0.2708333333333333,61.0,61.0,17/01/2022,50.0,3.0,13.0,44.0,48.0,27.0,152.57,138.62,Airstrip,OUT,,small,16.0905,136.4795,122.5295,13.95,48.0,0.48,0.089965671300888,0.1110000014305114,0.1516098976135254,0.1679999977350235,0.1933667945861816,0.1957384645938873,0.1406145244836807,0.0370999388396739,1.0,0.0,0.05,0.2554428947000202,0.032258064516129,0.5840859317593606,1.0,0.0,0.05,0.0,0.0,0.3236773754006044,4.808351817319715
61,Mpala03-62,62,0.3441129741772855,0.00498253939467678,0.3478260869565217,0.008695652173913,62.0,62.0,17/01/2022,60.0,10.0,0.0,10.0,21.0,10.25,59.67,57.4,Airstrip,OUT,,small,16.0905,43.5795,41.3095,2.27,21.0,0.21,0.06700000166893,0.06700000166893,0.06700000166893,0.06700000166893,0.06700000166893,0.06700000166893,0.06700000166893,0.0,1.0,0.0,0.05,0.920019603252084,0.0483870967741935,0.2006015398272035,1.0,0.0,0.05,0.0,0.0,0.1645984060775665,3.721092497728549
62,Mpala03-63,63,0.2934272908527545,0.05149180698178665,0.3064516129032258,0.064516129032258,63.0,63.0,17/01/2022,70.0,37.0,30.0,7.0,45.0,29.75,218.58,200.57,Airstrip,OUT,,big,32.334,186.246,168.236,18.01,45.0,0.45,0.0667827948927879,0.0920367091894149,0.1094146445393562,0.1312214750796556,0.166678826957941,0.1697620749473571,0.1138435378670692,0.0372202508151531,1.0,0.0,0.05,0.2945298590130032,0.032258064516129,0.2392170938165128,1.0,0.0,0.05,0.0,0.0,0.2096246016435388,5.125367755553075
63,Mpala03-64,64,0.543859649122807,0.2631578947368421,0.543859649122807,0.2631578947368421,64.0,64.0,17/01/2022,100.0,36.0,41.0,55.0,56.0,47.0,246.66,226.5,Airstrip,OUT,,big,32.334,214.326,194.166,20.16,56.0,0.56,0.0537970438599586,0.0625269282609224,0.0755554735660553,0.0829009898006916,0.1263096603751182,0.131808340549469,0.0784226953983306,0.0224082507193088,1.0,0.0,0.05,0.379338665455958,0.032258064516129,0.5763341277567497,0.8237624168395996,0.0,0.05,0.0,0.0,0.3193733980516007,5.2687134632894566
64,Mpala03-65,65,0.7612026238764407,0.5239144882832204,0.7627118644067796,0.5254237288135594,65.0,65.0,17/01/2022,100.0,63.0,59.0,57.0,59.0,59.5,345.5,309.63,Airstrip,OUT,,big,32.334,313.166,277.296,35.87,63.0,0.63,0.0521376132965087,0.1013536155223846,0.1232344359159469,0.1825632452964782,0.2496452838182449,0.2535077631473541,0.1379294991493225,0.0561263188719749,1.0,0.0,0.25,0.9861630937695772,0.0483870967741935,0.766729855180798,0.7812995314598083,0.0,0.25,0.0,0.0,0.4777387021775,5.625085527707019
65,Mpala03-66,66,0.5151515151515151,0.2878787878787879,0.5151515151515151,0.2878787878787879,66.0,66.0,17/01/2022,90.0,25.0,30.0,33.0,29.0,29.25,204.53,182.31,Airstrip,OUT,,big,32.334,172.196,149.976,22.22,33.0,0.33,0.054560899734497,0.0701912119984626,0.0854584276676178,0.0987508259713649,0.1305545774102211,0.1423320472240448,0.0856228396296501,0.0212558191269636,1.0,0.0,0.05,0.351291230437338,0.032258064516129,0.6002414407455903,0.93369060754776,0.0,0.05,0.0,0.0,0.3332766334691444,5.01047528129489
66,Mpala03-68,68,0.2333333333333333,0.0,0.2333333333333333,0.0,68.0,68.0,17/01/2022,40.0,5.0,7.0,5.0,7.0,6.0,62.22,56.58,Airstrip,OUT,,small,16.0905,46.1295,40.4895,5.64,7.0,0.07,0.0,0.0,0.0,0.0,0.0,0.0,0.0,0.0,1.0,0.0,0.05,1.386435203200073,0.0161290322580645,-0.0,1.0,0.0,0.05,0.0,0.0,0.1832085589008133,3.7010426812397426
67,Mpala03-67,67,0.2222222222222222,0.0,0.2222222222222222,0.0,67.0,67.0,17/01/2022,10.0,0.0,5.0,2.0,0.0,1.75,38.87,36.18,Airstrip,OUT,,small,16.0905,22.7795,20.0895,2.69,5.0,0.05,0.0,0.0,0.0,0.0,0.0,0.0,0.0,0.0,1.0,0.0,0.05,1.641472948768661,0.032258064516129,0.1584105701317908,1.0,0.0,0.05,0.0,0.0,0.1604952334506413,3.0001972905131495
68,Mpala03-69,69,0.0588235294117647,0.0,0.0588235294117647,0.0,69.0,69.0,17/01/2022,5.0,0.0,1.0,4.0,4.0,2.25,20.07,19.55,Airstrip,OUT,,small,16.0905,3.9795,3.4595,0.52,4.0,0.04,0.0,0.0,0.0,0.0,0.0,0.0,0.0,0.0,1.0,0.0,0.05,16.305240434084872,0.032258064516129,0.1326914208398717,1.0,0.0,0.05,0.0,0.0,0.1651073530411545,1.2411240699567285
69,Mpala03-70,70,0.8978102189781022,0.8029197080291971,0.8978102189781022,0.8029197080291971,70.0,70.0,17/01/2022,100.0,37.0,36.0,35.0,37.0,36.25,366.16,333.85,Airstrip,IN,AM,big,32.334,333.826,301.516,32.31,37.0,0.37,0.0532219447195529,0.0857905037701129,0.1150313392281532,0.1554160490632057,0.2594291001558303,0.2866145372390747,0.1214105561375618,0.0496515668928623,1.0,0.0,0.25,0.8822133228923922,0.0483870967741935,0.5942565490880964,0.6587395071983337,0.0,0.25,0.0,0.0,0.6636426350219609,5.70882308275255
70,Mpala03-71,71,0.7604128090005123,0.6583719926739817,0.7653061224489796,0.6632653061224489,71.0,71.0,17/01/2022,90.0,53.0,44.0,44.0,33.0,43.5,312.55,276.9,Airstrip,IN,AM,big,32.334,280.216,244.566,35.65,53.0,0.53,0.0548795796930789,0.0742653906345367,0.1283110380172729,0.2334132194519043,0.4404404664039611,0.5354457497596741,0.1738495677709579,0.1148321256041526,1.0,0.0,0.25,0.4669007086380055,0.0806451612903225,1.1425545903223542,0.8613017201423645,0.0,0.25,0.0,0.0,0.6301138205125532,5.499485211138351
71,Mpala03-72,72,0.2602739726027397,0.0,0.2602739726027397,0.0,72.0,72.0,17/01/2022,0.0,0.0,0.0,0.0,0.0,0.0,0.0,0.0,Airstrip,OUT,,,0.0,0.0,0.0,0.0,0.0,0.0,0.0,0.0,0.0,0.0,0.0,0.0,0.0,0.0,1.0,0.0,0.05,2.650176749891324,0.0161290322580645,-0.0,1.0,0.0,0.05,0.0,0.0,0.1832085589008133,0.0
72,Mpala03-73,73,0.46341463414634154,0.2682926829268293,0.6646341463414634,0.4695121951219512,73.0,73.0,17/01/2022,70.0,45.0,33.0,30.0,23.0,32.75,175.55,156.56,Airstrip,IN,AM,big,32.334,143.216,124.226,18.99,45.0,0.45,0.0524978078901767,0.0786874890327453,0.651654839515686,0.9861717820167542,1.2538701725006105,1.304433822631836,0.5306459665298462,0.4567394256591797,2.0,0.95,1.0,0.7746672037385413,0.0967741935483871,1.3452725073785388,0.958700954914093,0.475,0.525,0.475,1.1052631578947367,0.3807752690056533,4.822102487365423
73,Mpala03-74,74,0.3333333333333333,0.1568627450980392,0.3333333333333333,0.1568627450980392,74.0,74.0,17/01/2022,30.0,8.0,3.0,33.0,0.0,11.0,82.56,67.96,Airstrip,OUT,,small,16.0905,66.4695,51.8695,14.6,33.0,0.33,0.0510173998773098,0.057726944796741,0.0688150823116302,0.078618673607707,0.0831331081688404,0.083456739783287,0.0681715533137321,0.0114874485880136,1.0,0.0,0.05,0.5991127874134012,0.032258064516129,0.4344307835427204,1.0,0.0,0.05,0.0,0.0,0.2609233242795013,3.948730948833525
74,Mpala03-75,75,0.5934065934065934,0.3736263736263736,0.5934065934065934,0.3736263736263736,75.0,75.0,17/01/2022,100.0,48.0,41.0,44.0,44.0,44.25,313.87,218.69,Airstrip,OUT,,big,32.334,281.536,186.356,95.18,48.0,0.48,0.0521903373301029,0.0634993519634008,0.088179312646389,0.1332565508782863,0.2131056874990462,0.2294465452432632,0.1020949333906173,0.0467059724032878,1.0,0.0,0.05,0.2238745597676286,0.032258064516129,0.6608575273573023,0.9026697874069214,0.0,0.05,0.0,0.0,0.3824418743120815,5.227658822884805
75,Mpala03-76,76,0.6,0.5,0.7333333333333333,0.6333333333333333,76.0,76.0,17/01/2022,100.0,31.0,30.0,30.0,45.0,34.0,230.9,216.54,Airstrip,IN,AM,big,32.334,198.566,184.206,14.36,45.0,0.45,0.0507248602807521,0.078267877921462,0.1025000065565109,0.2164620235562324,1.31843056678772,1.3530999422073364,0.3253316581249237,0.4297986030578613,2.0,1.0,1.25,0.9238046363085732,0.0967741935483871,1.2410611022887474,0.94056636095047,0.4,0.75,0.5,1.5,0.5867227386222588,5.216054696580611
76,Mpala03-78,78,0.28174264331540716,0.06507597664874047,0.3,0.0833333333333333,78.0,78.0,17/01/2022,30.0,9.0,30.0,30.0,25.0,23.5,88.03,80.53,Airstrip,OUT,,big,32.334,55.696,48.196,7.5,30.0,0.3,0.0578572303056716,0.0748162046074867,0.0815806090831756,0.1127607598900795,0.1225583225488662,0.1234102845191955,0.0900850147008895,0.0243674162775278,1.0,0.0,0.05,0.4051526191257008,0.0483870967741935,0.3701390942780787,1.0,0.0,0.05,0.0,0.0,0.2061823439569772,3.87527603006103
77,Mpala03-77,77,0.1607142857142857,0.0,0.1607142857142857,0.0,77.0,77.0,17/01/2022,15.0,15.0,8.0,2.0,2.0,6.75,27.45,25.66,Airstrip,OUT,,small,16.0905,11.3595,9.5695,1.79,15.0,0.15,0.0,0.0,0.0,0.0,0.0,0.0,0.0,0.0,1.0,0.0,0.05,1.4838412349235055,0.0161290322580645,-0.0,1.0,0.0,0.05,0.0,0.0,0.1832085589008133,2.2585809574959907
78,Mpala03-79,79,0.6216216216216216,0.3243243243243243,0.6216216216216216,0.3243243243243243,79.0,79.0,17/01/2022,100.0,69.0,77.0,60.0,55.0,65.25,282.35,256.46,Airstrip,OUT,,big,32.334,250.016,224.126,25.89,77.0,0.77,0.0562764815986156,0.0814610887318849,0.1040583848953247,0.148416269570589,0.1967507961392402,0.2112623453140258,0.1147541478276252,0.0423058941960334,1.0,0.0,0.05,0.2394134327402439,0.032258064516129,0.6300861445587914,0.8586076498031616,0.0,0.05,0.0,0.0,0.353993238211186,5.412208393711215
79,Mpala03-80,80,0.1219512195121951,0.0,0.1219512195121951,0.0,80.0,80.0,17/01/2022,15.0,5.0,0.0,3.0,17.0,6.25,55.05,52.77,Airstrip,OUT,,big,32.334,22.716,20.436,2.28,17.0,0.17,0.0,0.0,0.0,0.0,0.0,0.0,0.0,0.0,1.0,0.0,0.05,2.202562331296287,0.0161290322580645,-0.0,1.0,0.0,0.05,0.0,0.0,0.1832085589008133,3.017298051468552
80,Mpala03-81,81,0.4047619047619047,0.1666666666666666,0.4047619047619047,0.1666666666666666,81.0,81.0,17/01/2022,35.0,20.0,6.0,30.0,3.0,14.75,56.03,51.12,Airstrip,OUT,,small,16.0905,39.9395,35.0295,4.91,30.0,0.3,0.057086743414402,0.0604849904775619,0.0648587644100189,0.0663489922881126,0.0763927540183067,0.0776855573058128,0.0647570043802261,0.0063384482637047,1.0,0.0,0.05,0.643620278131914,0.032258064516129,0.4505612088663046,1.0,0.0,0.05,0.0,0.0,0.2662257905595303,3.556190563627654
81,Mpala03-82,82,0.0666666666666666,0.0,0.0666666666666666,0.0,82.0,82.0,17/01/2022,35.0,6.0,6.0,18.0,14.0,11.0,37.42,35.73,Airstrip,OUT,,small,16.0905,21.3295,19.6395,1.69,18.0,0.18,0.0,0.0,0.0,0.0,0.0,0.0,0.0,0.0,1.0,0.0,0.05,2.941238185377403,0.0161290322580645,-0.0,1.0,0.0,0.05,0.0,0.0,0.1832085589008133,2.9775428443537804
82,Mpala03-83,83,0.678234006384872,0.5701258982767639,0.7027027027027027,0.5945945945945946,83.0,83.0,17/01/2022,95.0,49.0,55.0,39.0,47.0,47.5,298.86,269.54,Airstrip,IN,AM,big,32.334,266.526,237.206,29.32,55.0,0.55,0.0851173922419548,0.2495337054133415,0.5520930290222168,0.6749077439308167,0.8152517104148864,0.8346172571182251,0.4656822383403778,0.2481701970100402,1.0,0.0,0.05,0.0599076996953555,0.0967741935483871,1.5578972720282067,0.827071487903595,0.0,0.05,0.0,0.0,0.8868322795300327,5.468928961913267
83,Mpala03-84,84,0.6334911050533876,0.519854741417024,0.6363636363636364,0.5227272727272727,84.0,84.0,17/01/2022,100.0,40.0,34.0,53.0,69.0,49.0,333.28,307.21,Airstrip,OUT,,big,32.334,300.946,274.876,26.07,69.0,0.69,0.0726189166307449,0.1009162068367004,0.1387398391962051,0.1746620088815689,0.2608499813079833,0.2621680498123169,0.142129510641098,0.0528635121881961,1.0,0.0,0.25,0.9535868317248122,0.0483870967741935,0.8465478897022689,0.7137519717216492,0.0,0.25,0.0,0.0,0.484201077793632,5.6163200868855885
84,Mpala03-85,85,0.8458330224703409,0.7791663558036742,0.8466666666666667,0.78,85.0,85.0,17/01/2022,100.0,33.0,36.0,39.0,45.0,38.25,412.1,372.35,Airstrip,IN,AM,big,32.334,379.766,340.016,39.75,45.0,0.45,0.055524569004774,0.1497833877801895,0.4480000138282776,0.7083097100257874,0.9942799997329712,1.0160000324249268,0.4515299797058105,0.3026001155376434,1.0,0.0,0.25,0.246504557965997,0.0967741935483871,1.597076229820042,0.6781495809555054,0.0,0.25,0.0,0.0,1.2187383426377822,5.828992675326505
85,Mpala03-86,86,0.2244897959183673,0.0,0.2244897959183673,0.0,86.0,86.0,17/01/2022,15.0,13.0,0.0,11.0,9.0,8.25,31.03,29.3,Airstrip,OUT,,small,16.0905,14.9395,13.2095,1.73,13.0,0.13,0.0,0.0,0.0,0.0,0.0,0.0,0.0,0.0,1.0,0.0,0.05,1.6175730558047443,0.0161290322580645,-0.0,1.0,0.0,0.05,0.0,0.0,0.1832085589008133,2.5809362677043497
86,Mpala03-87,87,0.36363636363636365,0.18181818181818177,0.5113636363636364,0.3295454545454545,87.0,87.0,17/01/2022,100.0,17.0,27.0,27.0,23.0,23.5,208.49,199.92,Airstrip,IN,AM,big,32.334,176.156,167.586,8.57,27.0,0.27,0.0508396588265895,0.0684565547853708,0.1058242246508598,0.8680826425552368,1.923643147945404,1.940592885017395,0.5179222822189331,0.5711715221405029,2.0,1.95,2.0,1.0308272391457347,0.1129032258064516,1.3898380949233595,0.97262841463089,0.4875,1.025,0.975,1.051282051282051,0.4101988551149307,5.1214966523394025
87,Mpala03-88,88,0.2461538461538461,0.0,0.2461538461538461,0.0,88.0,88.0,17/01/2022,5.0,0.0,0.0,0.0,0.0,0.0,18.06,17.29,Airstrip,OUT,,small,16.0905,1.9695,1.1995,0.77,0.0,0.0,0.0,0.0,0.0,0.0,0.0,0.0,0.0,0.0,1.0,0.0,0.05,2.691864593028089,0.0161290322580645,-0.0,1.0,0.0,0.05,0.0,0.0,0.1832085589008133,0.18190480329761222
88,Mpala03-89,89,0.4474517073226357,0.36311435792504526,0.6204819277108434,0.536144578313253,89.0,89.0,17/01/2022,100.0,46.0,42.0,26.0,47.0,40.25,255.83,233.39,Airstrip,IN,AM,big,32.334,223.496,201.056,22.44,47.0,0.47,0.0500360094010829,0.1167434733361005,0.2629238963127136,1.072942078113556,1.267996768951416,1.3465756177902222,0.5645707845687866,0.4825309813022613,2.0,1.0,1.25,0.9383354596015898,0.1129032258064516,1.555836360827305,0.9094029068946838,0.4,0.75,0.5,1.5,0.5346229269446889,5.3035834762205365
89,Mpala03-90,90,0.2727272727272727,0.0,0.2727272727272727,0.0,90.0,90.0,17/01/2022,20.0,2.0,1.0,15.0,0.0,4.5,30.81,28.62,Airstrip,OUT,,small,16.0905,14.7195,12.5295,2.19,15.0,0.15,0.0,0.0,0.0,0.0,0.0,0.0,0.0,0.0,1.0,0.0,0.05,1.7901802774866415,0.0161290322580645,-0.0,1.0,0.0,0.05,0.0,0.0,0.1832085589008133,2.528085863881934
90,Mpala05-91,91,0.398319479107999,0.011222704914450607,0.4032258064516129,0.0161290322580645,91.0,91.0,19/01/2022,70.0,8.0,6.0,34.0,27.0,18.75,93.99,86.96,North,OUT,,small,16.0905,77.8995,70.8695,7.03,34.0,0.34,0.0541415065526962,0.0560004711151123,0.0578594356775283,0.0597184002399444,0.0614286476373672,0.0615773648023605,0.0578594356775283,0.0037179291248321,1.0,0.0,0.05,0.8727625151433993,0.032258064516129,0.0825649380358659,1.0,0.0,0.05,0.0,0.0,0.1891615409391877,4.260840157625837
91,Mpala05-92,92,0.1696428571428571,0.0,0.1696428571428571,0.0,92.0,92.0,19/01/2022,25.0,0.0,8.0,0.0,0.0,2.0,28.38,25.19,North,OUT,,small,16.0905,12.2895,9.0995,3.19,8.0,0.08,0.0,0.0,0.0,0.0,0.0,0.0,0.0,0.0,1.0,0.0,0.05,2.185242727475415,0.032258064516129,0.0895780266675439,1.0,0.0,0.05,0.0,0.0,0.1721589886710147,2.2082194669583246
92,Mpala05-95,95,0.3783783783783784,0.0,0.3783783783783784,0.0,95.0,95.0,19/01/2022,0.0,0.0,0.0,0.0,0.0,0.0,0.0,0.0,North,OUT,,,0.0,0.0,0.0,0.0,0.0,0.0,0.0,0.0,0.0,0.0,0.0,0.0,0.0,0.0,1.0,0.0,0.05,2.264712565427983,0.0161290322580645,-0.0,1.0,0.0,0.05,0.0,0.0,0.1832085589008133,0.0
93,Mpala05-93,93,0.2727272727272727,0.0,0.2727272727272727,0.0,93.0,93.0,19/01/2022,0.0,0.0,0.0,0.0,0.0,0.0,0.0,0.0,North,OUT,,,0.0,0.0,0.0,0.0,0.0,0.0,0.0,0.0,0.0,0.0,0.0,0.0,0.0,0.0,1.0,0.0,0.05,2.9511902870052884,0.032258064516129,0.0445379124397734,1.0,0.0,0.05,0.0,0.0,0.1784981504471355,0.0
94,Mpala05-94,94,0.1690140845070422,0.0,0.1690140845070422,0.0,94.0,94.0,19/01/2022,30.0,0.0,0.0,5.0,4.0,2.25,28.52,23.79,North,OUT,,small,16.0905,12.4295,7.6995,4.73,5.0,0.05,0.0,0.0,0.0,0.0,0.0,0.0,0.0,0.0,1.0,0.0,0.05,2.437111466886961,0.0161290322580645,-0.0,1.0,0.0,0.05,0.0,0.0,0.1832085589008133,2.0411553916863308
95,Mpala05-96,96,0.2868852459016393,0.0,0.2868852459016393,0.0,96.0,96.0,19/01/2022,0.0,0.0,0.0,0.0,0.0,0.0,0.0,0.0,North,OUT,,,0.0,0.0,0.0,0.0,0.0,0.0,0.0,0.0,0.0,0.0,0.0,0.0,0.0,0.0,1.0,0.0,0.05,1.9702297955448416,0.032258064516129,0.0475402577069805,1.0,0.0,0.05,0.0,0.0,0.1781135423191163,0.0
96,Mpala05-97,97,0.3072625698324022,0.0,0.3072625698324022,0.0,97.0,97.0,19/01/2022,20.0,3.0,3.0,0.0,4.0,2.5,37.31,33.16,North,OUT,,small,16.0905,21.2195,17.0695,4.15,4.0,0.04,0.0,0.0,0.0,0.0,0.0,0.0,0.0,0.0,1.0,0.0,0.05,2.173762988720949,0.032258064516129,0.0345507670028156,1.0,0.0,0.05,0.0,0.0,0.1797317024746907,2.8372932452232837
97,Mpala05-101,101,0.4252252252252252,0.0,0.4252252252252252,0.0,101.0,101.0,19/01/2022,45.0,0.0,3.0,3.0,5.0,2.75,34.28,30.16,North,OUT,,small,16.0905,18.1895,14.0695,4.12,5.0,0.05,0.0,0.0,0.0,0.0,0.0,0.0,0.0,0.0,1.0,0.0,0.05,2.0564303141496483,0.032258064516129,0.0596949584237306,1.0,0.0,0.05,0.0,0.0,0.176496910592717,2.6440093338921566
98,Mpala05-98,98,0.1704545454545454,0.0,0.1704545454545454,0.0,98.0,98.0,19/01/2022,35.0,3.0,2.0,0.0,7.0,3.0,24.46,28.03,North,OUT,,small,16.0905,8.3695,11.9395,-3.57,7.0,0.07,0.0,0.0,0.0,0.0,0.0,0.0,0.0,0.0,1.0,0.0,0.05,1.7334227941465337,0.0161290322580645,-0.0,1.0,0.0,0.05,0.0,0.0,0.1832085589008133,2.479852231040729
99,Mpala05-99,99,0.3125,0.0,0.3125,0.0,99.0,99.0,19/01/2022,60.0,22.0,39.0,15.0,13.0,22.25,68.58,64.24,North,OUT,,small,16.0905,52.4895,48.1495,4.34,39.0,0.39,0.0,0.0,0.0,0.0,0.0,0.0,0.0,0.0,1.0,0.0,0.05,1.4662505490830926,0.032258064516129,0.0671968803626978,1.0,0.0,0.05,0.0,0.0,0.1754543786093694,3.874310753974227
100,Mpala05-100,100,0.2937062937062937,0.0,0.2937062937062937,0.0,100.0,100.0,19/01/2022,55.0,0.0,4.0,4.0,4.0,3.0,33.96,30.05,North,OUT,,small,16.0905,17.8695,13.9595,3.91,4.0,0.04,0.0,0.0,0.0,0.0,0.0,0.0,0.0,0.0,1.0,0.0,0.05,1.983077101014301,0.032258064516129,0.0736037987603155,1.0,0.0,0.05,0.0,0.0,0.1745386102502168,2.636160280073885
101,Mpala05-102,102,0.2385321100917431,0.0,0.2385321100917431,0.0,102.0,102.0,19/01/2022,65.0,4.0,4.0,6.0,0.0,3.5,37.08,33.92,North,OUT,,small,16.0905,20.9895,17.8295,3.16,6.0,0.06,0.0,0.0,0.0,0.0,0.0,0.0,0.0,0.0,1.0,0.0,0.05,1.8996992111814968,0.032258064516129,0.0521719874638617,1.0,0.0,0.05,0.0,0.0,0.1775085049345044,2.8808543888570575
102,Mpala05-108,108,0.1428571428571429,0.0357142857142857,0.5803571428571429,0.4732142857142857,108.0,108.0,19/01/2022,100.0,23.0,29.0,25.0,38.0,28.75,204.86,193.01,North,OUT,,big,32.334,172.526,160.676,11.85,38.0,0.38,0.0504893884062767,0.8421259224414825,0.9530697464942932,1.0656911730766296,1.178895654678345,1.1870652437210083,0.869863748550415,0.320372611284256,2.0,0.95,1.0,0.842846181593691,0.0806451612903225,1.2772496538027702,0.9083922505378724,0.475,0.525,0.475,1.1052631578947367,0.2524032020272532,5.079389914981564
103,Mpala05-103,103,0.110091743119266,0.0,0.110091743119266,0.0,103.0,103.0,19/01/2022,50.0,11.0,14.0,2.0,16.0,10.75,139.42,115.48,North,OUT,,small,16.0905,123.3295,99.3895,23.94,16.0,0.16,0.0,0.0,0.0,0.0,0.0,0.0,0.0,0.0,1.0,0.0,0.05,2.3435941571682557,0.0161290322580645,-0.0,1.0,0.0,0.05,0.0,0.0,0.1832085589008133,4.599046474280068
104,Mpala05-104,104,0.30547228957776806,0.023119348401297455,0.3176470588235294,0.0352941176470588,104.0,104.0,19/01/2022,15.0,0.0,0.0,0.0,3.0,0.75,21.4,20.26,North,IN,LYCIUM,small,16.0905,5.3095,4.1695,1.14,3.0,0.03,0.0558683425188064,0.0575236100703477,0.0591788776218891,0.0624847505241632,0.0655261535942554,0.0657906234264373,0.0602792799472808,0.0041248095221817,1.0,0.0,0.05,0.7745161763332686,0.0483870967741935,0.2633069976546135,1.0,0.0,0.05,0.0,0.0,0.1810096409406857,1.427796124544903
105,Mpala05-105,105,0.06336897323698987,0.06336897323698987,0.863849765258216,0.863849765258216,105.0,105.0,19/01/2022,100.0,33.0,40.0,33.0,37.0,35.75,130.71,115.82,North,OUT,,small,16.0905,114.6195,99.7295,14.89,40.0,0.4,0.0562544018030166,0.410910852253437,1.1581279635429382,1.4588192403316498,1.7185163950920106,1.9518914222717283,0.9736480712890624,0.5330820083618164,2.0,1.0,1.5,0.8242246905015626,0.1451612903225806,1.875129016971634,0.4210275113582611,0.3333333333333333,1.0,0.5,2.0,0.2136071672664102,4.60246152086466
106,Mpala05-106,106,0.21159001763633303,0.03954700688364484,0.2258064516129032,0.053763440860215,106.0,106.0,19/01/2022,50.0,21.0,20.0,22.0,2.0,16.25,61.31,55.94,North,OUT,,small,16.0905,45.2195,39.8495,5.37,22.0,0.22,0.0510235801339149,0.0526024103164672,0.0529787801206111,0.064738392829895,0.0718627351522445,0.0724822431802749,0.0587650835514068,0.0084288986399769,1.0,0.0,0.05,0.7100536281021712,0.0483870967741935,0.2682855589046615,1.0,0.0,0.05,0.0,0.0,0.197114865607159,3.685109858106066
107,Mpala05-107,107,0.5208333333333334,0.2291666666666666,0.5208333333333334,0.2291666666666666,107.0,107.0,19/01/2022,95.0,20.0,30.0,26.0,30.0,26.5,182.06,163.87,North,IN,CROTON,big,32.334,149.726,131.536,18.19,30.0,0.3,0.0518744811415672,0.0581979993730783,0.0746389999985694,0.0882741920650005,0.1329546749591827,0.1348130851984024,0.0793826058506965,0.027292151004076,1.0,0.0,0.05,0.3708838791606597,0.032258064516129,0.5382674532283412,0.9422844052314758,0.0,0.05,0.0,0.0,0.3004495884593349,4.8792805784097775
108,Mpala05-111,111,0.35075766451908075,0.03825766451908075,0.3625,0.05,111.0,111.0,19/01/2022,20.0,0.0,0.0,13.0,7.0,5.0,81.16,58.03,North,OUT,,big,32.334,48.826,25.696,23.13,13.0,0.13,0.0511478446424007,0.0531206177547574,0.0537962336093187,0.0545453298836946,0.056563087105751,0.056738544255495,0.053869716823101,0.0019780173897743,1.0,0.0,0.05,0.8874863943945418,0.032258064516129,0.1985152433458726,1.0,0.0,0.05,0.0,0.0,0.203030658076323,3.246335337764351
109,Mpala05-109,109,0.10012177204451497,0.01501538906579157,0.1063829787234042,0.0212765957446808,109.0,109.0,19/01/2022,75.0,15.0,27.0,21.0,4.0,16.75,157.12,125.06,North,OUT,,big,32.334,124.786,92.726,32.06,27.0,0.27,0.0529982149600982,0.0529982149600982,0.0529982149600982,0.0529982149600982,0.0529982149600982,0.0529982149600982,0.0529982149600982,0.0,1.0,0.0,0.05,0.9434280010684212,0.032258064516129,0.1029666604654124,1.0,0.0,0.05,0.0,0.0,0.1911446572184411,4.529648907895555
110,Mpala05-110,110,0.13278120838406648,0.016502138616624574,0.1395348837209302,0.0232558139534883,110.0,110.0,19/01/2022,70.0,0.0,2.0,48.0,6.0,14.0,73.25,66.92,North,OUT,,small,16.0905,57.1595,50.8295,6.33,48.0,0.48,0.0600203312933445,0.0600203312933445,0.0600203312933445,0.0600203312933445,0.0600203312933445,0.0600203312933445,0.0600203312933445,0.0,1.0,0.0,0.05,0.8330510499122216,0.032258064516129,0.110453046672598,1.0,0.0,0.05,0.0,0.0,0.1919183921029718,3.9284768946998265
111,Mpala05-112,112,0.0675675675675676,0.0,0.4414414414414415,0.3738738738738739,112.0,112.0,19/01/2022,100.0,20.0,15.0,13.0,34.0,20.5,379.42,292.43,North,IN,AM,big,32.334,347.086,260.096,86.99,34.0,0.34,0.050771702080965,1.0881282687187197,1.444091558456421,2.487643003463745,2.706239700317383,2.789058923721313,1.700040340423584,0.7435914874076843,3.0,1.25,2.5,0.9045091846556498,0.1612903225806451,1.843510899253411,0.6791887283325195,0.5,1.2666666666666666,1.000277739208244,1.2663149613519131,0.204422221349332,5.561050793635853
112,Mpala05-113,113,0.23116345446466502,0.015973581046943533,0.240506329113924,0.0253164556962025,113.0,113.0,19/01/2022,100.0,39.0,15.0,19.0,33.0,26.5,209.57,185.2,North,IN,CROTON,big,32.334,177.236,152.866,24.37,39.0,0.39,0.053683616220951,0.0543468277901411,0.0550100393593311,0.0556732509285211,0.0562834055721759,0.0563364624977111,0.0550100393593311,0.00132642313838,1.0,0.0,0.05,0.8928502024988653,0.0483870967741935,0.23547067224597,1.0,0.0,0.05,0.0,0.0,0.1761912902708541,5.029561720647188
113,Mpala05-114,114,0.4311926605504587,0.0,0.4311926605504587,0.0,114.0,114.0,19/01/2022,25.0,2.0,0.0,4.0,0.0,1.5,58.5,48.71,North,OUT,,small,16.0905,42.4095,32.6195,9.79,4.0,0.04,0.0,0.0,0.0,0.0,0.0,0.0,0.0,0.0,1.0,0.0,0.05,1.1518407237824866,0.032258064516129,0.0521719874638617,1.0,0.0,0.05,0.0,0.0,0.1775085049345044,3.484910269055773
114,Mpala05-115,115,0.23076923076923078,0.0,0.2403846153846154,0.0096153846153846,115.0,115.0,19/01/2022,50.0,4.0,0.0,3.0,4.0,2.75,48.54,39.0,North,OUT,,small,16.0905,32.4495,22.9095,9.54,4.0,0.04,1.5015708208084106,1.5015708208084106,1.5015708208084106,1.5015708208084106,1.5015708208084106,1.5015708208084106,1.5015708208084106,0.0,2.0,1.7,1.75,1.1654461952436188,0.0483870967741935,0.1840826879303073,1.0,0.4857142857142857,0.9,0.85,1.0588235294117647,0.1715390729422011,3.131551671696473
115,Mpala05-116,116,0.14796617456285094,0.03432981092648726,0.1590909090909091,0.0454545454545454,116.0,116.0,19/01/2022,75.0,0.0,12.0,21.0,8.0,10.25,131.82,112.61,North,OUT,,big,32.334,99.486,80.276,19.21,21.0,0.21,0.0659684836864471,0.0659928377717733,0.0660171918570995,0.0660415459424257,0.0660639517009258,0.0660659000277519,0.0660171955823898,4.8708170652389526e-05,1.0,0.0,0.05,0.7568200838707532,0.032258064516129,0.1849073991677757,1.0,0.0,0.05,0.0,0.0,0.2010511680765441,4.385470697076436
116,Mpala05-117,117,0.2085402657331793,0.06409582128873492,0.3981481481481481,0.2537037037037037,117.0,117.0,19/01/2022,100.0,39.0,34.0,39.0,44.0,39.0,295.41,272.67,North,IN,BALANITES,big,32.334,263.076,240.336,22.74,44.0,0.44,0.0525394938886165,1.7565044164657593,2.0200095176696777,2.206976890563965,2.471997499465943,2.5706770420074463,1.666274070739746,0.8506225943565369,2.0,2.2,2.25,0.8904957697722761,0.1290322580645161,1.3005352490033415,0.9908431768417358,0.4888888888888889,1.15,1.1,1.0454545454545452,0.2422874638662046,5.482037944255699
117,Mpala05-118,118,0.4705882352941176,0.2605042016806723,0.4747899159663865,0.2647058823529412,118.0,118.0,19/01/2022,90.0,25.0,19.0,15.0,33.0,23.0,112.97,103.1,North,IN,CROTON,big,32.334,80.636,70.766,9.87,33.0,0.33,0.0508695729076862,0.0622267145663499,0.0775791145861148,0.0986163578927517,0.5985552817583072,1.3449478149414062,0.1209835857152938,0.2210884094238281,2.0,1.45,1.5,2.109955576751475,0.0483870967741935,0.6195637480528041,1.0,0.4833333333333333,0.775,0.725,1.0689655172413794,0.3191240752563395,4.259378659365544
118,Mpala05-119,119,0.7227938194148199,0.5535630501840507,0.7230769230769231,0.5538461538461539,119.0,119.0,19/01/2022,100.0,30.0,40.0,46.0,27.0,35.75,523.81,457.3,North,OUT,,big,32.334,491.476,424.966,66.51,46.0,0.46,0.0611055307090282,0.1117265298962593,0.1278510242700576,0.182849008589983,0.2504930451512335,0.2831259369850158,0.1417219042778015,0.0546233691275119,1.0,0.0,0.25,0.8829992852729384,0.0483870967741935,0.757637097253526,0.760538637638092,0.0,0.25,0.0,0.0,0.495399565490823,6.052009165724246
119,Mpala05-120,120,0.6167251079672089,0.39258717693272605,0.6896551724137931,0.4655172413793103,120.0,120.0,19/01/2022,100.0,28.0,49.0,33.0,27.0,34.25,402.38,362.15,North,IN,CROTON,big,32.334,370.046,329.816,40.23,49.0,0.49,0.0506082512438297,0.0721070189028978,0.1049577556550502,0.2046445310115814,1.095126612186431,1.4177029132843018,0.2599464356899261,0.3453806340694427,1.0,0.0,0.05,0.0360064008800149,0.0967741935483871,1.079540937885932,0.962884485721588,0.0,0.05,0.0,0.0,0.4425140655245289,5.798534923199782
120,Mpala07-125,125,0.6136363636363636,0.3863636363636363,0.6136363636363636,0.3863636363636363,125.0,125.0,20/01/2022,100.0,24.0,25.0,30.0,38.0,29.25,230.04,216.85,Segera Border,OUT,,big,32.334,197.706,184.516,13.19,38.0,0.38,0.0510409548878669,0.064882107079029,0.082435093820095,0.117526376619935,0.1781120014190672,0.2056991308927536,0.09444110840559,0.0366218723356723,1.0,0.0,0.05,0.2542682097293043,0.0483870967741935,0.7236808002144344,0.8954492807388306,0.0,0.05,0.0,0.0,0.3824912277383436,5.217736180587754
121,Mpala07-122,122,0.08433734939759041,0.0,0.4578313253012048,0.3734939759036144,122.0,122.0,20/01/2022,100.0,24.0,30.0,33.0,25.0,28.0,218.62,205.32,Segera Border,IN,AD,big,32.334,186.286,172.986,13.3,33.0,0.33,0.0504154525697231,1.0407169461250303,1.3093056678771973,1.5443769097328186,1.5964057445526123,1.6349879503250122,1.2562026977539062,0.3354314863681793,2.0,1.45,1.5,0.9239059390740936,0.1129032258064516,1.4404482106686394,0.4018890857696533,0.4833333333333333,0.775,0.725,1.0689655172413794,0.1712154039770308,5.153210666367695
122,Mpala07-124,124,0.014705882352941124,0.0,0.5441176470588235,0.5294117647058824,124.0,124.0,20/01/2022,100.0,19.0,18.0,20.0,25.0,20.5,203.44,189.39,Segera Border,IN,AM,big,32.334,171.106,157.056,14.05,25.0,0.25,0.0541470982134342,1.221463143825531,1.5034542083740234,1.8351965844631195,2.2260508728027344,2.298121929168701,1.4367363452911377,0.5148337483406067,2.0,1.7,1.75,0.7674616652033953,0.1774193548387097,1.9201721550867747,0.4726057648658752,0.4857142857142857,0.9,0.85,1.0588235294117647,0.2472115207279667,5.056602429648391
123,Mpala07-126,126,0.14572924878923305,0.037886111534331135,0.6372549019607843,0.5294117647058824,126.0,126.0,20/01/2022,100.0,23.0,14.0,17.0,35.0,22.25,107.06,102.0,Segera Border,IN,AD,big,32.334,74.726,69.666,5.06,35.0,0.35,0.050356239080429,1.115016222000122,1.2592281103134155,1.32438063621521,1.3926616191864014,1.4134880304336548,1.1180001497268677,0.3770764470100403,2.0,1.45,1.5,1.0690213162610926,0.0967741935483871,1.3493018371792882,0.3531131744384765,0.4833333333333333,0.775,0.725,1.0689655172413794,0.2432191688250884,4.243712393872924
124,Mpala07-127,127,0.7313432835820896,0.4776119402985074,0.7313432835820896,0.4776119402985074,127.0,127.0,20/01/2022,100.0,38.0,30.0,29.0,36.0,33.25,234.53,223.4,Segera Border,OUT,,big,32.334,202.196,191.066,11.13,38.0,0.38,0.0511236377060413,0.0647739302366972,0.0829612389206886,0.1064509823918342,0.1782169437408447,0.18150295317173,0.0902703776955604,0.032719898968935,1.0,0.0,0.05,0.2755312494453152,0.032258064516129,0.6921443948876715,0.7355573773384094,0.0,0.05,0.0,0.0,0.4440977937358035,5.252618918096289
125,Mpala07-128,128,0.2869265022093365,0.028861986080304207,0.3064516129032258,0.0483870967741935,128.0,128.0,20/01/2022,40.0,38.0,5.0,0.0,9.0,13.0,69.98,68.27,Segera Border,OUT,,big,32.334,37.646,35.936,1.71,38.0,0.38,0.0716847330331802,0.0728357210755348,0.0739867091178894,0.0780183561146259,0.0817274713516235,0.0820500031113624,0.0759071484208107,0.0044441549107432,1.0,0.0,0.05,0.6093844985250939,0.0483870967741935,0.3850155396712688,1.0,0.0,0.05,0.0,0.0,0.1692962091319242,3.5817395785560326
126,Mpala07-129,129,0.788659793814433,0.7371134020618557,0.788659793814433,0.7371134020618557,129.0,129.0,20/01/2022,90.0,27.0,18.0,20.0,20.0,21.25,142.96,132.69,Segera Border,IN,AD,big,32.334,110.626,100.356,10.27,27.0,0.27,0.0520568937063217,0.1126747503876686,0.5052553415298462,0.7115879952907562,0.8288132309913635,0.8475818634033203,0.4310625791549682,0.287038117647171,1.0,0.0,0.25,0.2953507522876745,0.0806451612903225,1.409172868893802,0.7100586891174316,0.0,0.25,0.0,0.0,1.1597678506790032,4.6087238641873896
127,Mpala07-130,130,0.296875,0.1875,0.71875,0.609375,130.0,130.0,20/01/2022,100.0,33.0,19.0,26.0,29.0,26.75,246.82,231.86,Segera Border,IN,AD,big,32.334,214.486,199.526,14.96,33.0,0.33,0.0549718886613845,0.1083824355155229,0.9633053243160248,1.0455471575260162,1.125935628414154,1.1956628561019895,0.722856342792511,0.4347165822982788,2.0,0.95,1.0,0.8415133747010373,0.064516129032258,1.3853596661594894,0.2599940896034241,0.475,0.525,0.475,1.1052631578947367,0.4941228269887146,5.295944553652784
128,Mpala07-131,131,0.3617021276595745,0.2340425531914893,0.3617021276595745,0.2340425531914893,131.0,131.0,20/01/2022,80.0,30.0,24.0,16.0,10.0,20.0,121.03,113.96,Segera Border,OUT,,big,32.334,88.696,81.626,7.07,30.0,0.3,0.0577009432017803,0.0699518620967865,0.0813415348529815,0.1008218117058277,0.1250550538301467,0.1271941810846328,0.0869741514325141,0.0219232719391584,1.0,0.0,0.05,0.3930997438218565,0.032258064516129,0.5441150530887386,1.0,0.0,0.05,0.0,0.0,0.3031505110858001,4.402147838670096
129,Mpala07-132,132,0.1129032258064516,0.0,0.1129032258064516,0.0,132.0,132.0,20/01/2022,10.0,0.0,4.0,0.0,3.0,1.75,22.12,21.47,Segera Border,OUT,,small,16.0905,6.0295,5.3795,0.65,4.0,0.04,0.0,0.0,0.0,0.0,0.0,0.0,0.0,0.0,1.0,0.0,0.05,1.315789515993603,0.0161290322580645,,1.0,0.0,0.05,0.0,0.0,0.1832085589008133,1.6825954330518267
130,Mpala07-133,133,0.6666666666666666,0.404040404040404,0.6666666666666666,0.404040404040404,133.0,133.0,20/01/2022,100.0,30.0,19.0,40.0,31.0,30.0,182.53,117.42,Segera Border,OUT,,big,32.334,150.196,85.086,65.11,40.0,0.4,0.051345270127058,0.0611951546743512,0.0724259726703167,0.0983198713511228,0.1369294634461402,0.1572732329368591,0.0813745707273483,0.0260242912918329,1.0,0.0,0.05,0.3361272392531121,0.032258064516129,0.6746159374578737,0.793920636177063,0.0,0.05,0.0,0.0,0.4002398094113348,4.443662509707265
131,Mpala07-134,134,0.4416142409355248,0.030655336825935815,0.4520547945205479,0.0410958904109589,134.0,134.0,20/01/2022,75.0,3.0,7.0,5.0,4.0,4.75,61.54,59.0,Segera Border,OUT,,small,16.0905,45.4495,42.9095,2.54,7.0,0.07,0.0524297915399074,0.0532736163586378,0.0541174411773681,0.0611803382635116,0.0676782035827636,0.0682432353496551,0.0582634918391704,0.0070903003215789,1.0,0.0,0.05,0.7429253182724849,0.032258064516129,0.1714114437585355,1.0,0.0,0.05,0.0,0.0,0.199189305886221,3.7590932466400426
132,Mpala07-135,135,0.3818181818181818,0.0,0.3818181818181818,0.0,135.0,135.0,20/01/2022,95.0,5.0,4.0,9.0,8.0,6.5,91.17,87.32,Segera Border,OUT,,big,32.334,58.836,54.986,3.85,9.0,0.09,0.0,0.0,0.0,0.0,0.0,0.0,0.0,0.0,1.0,0.0,0.05,1.0512544814377445,0.0161290322580645,-0.0,1.0,0.0,0.05,0.0,0.0,0.1832085589008133,4.007078607375733
133,Mpala07-136,136,0.3333333333333333,0.1764705882352941,0.3333333333333333,0.1764705882352941,136.0,136.0,20/01/2022,85.0,11.0,10.0,23.0,8.0,13.0,192.53,185.65,Segera Border,OUT,,big,32.334,160.196,153.316,6.88,23.0,0.23,0.0552787370979785,0.0617118850350379,0.0659999996423721,0.091459684073925,0.0993256944417953,0.1003401130437851,0.0731270611286163,0.0162149108946323,1.0,0.0,0.05,0.4983051990202728,0.0483870967741935,0.5586594380007455,1.0,0.0,0.05,0.0,0.0,0.2574636316966591,5.0325011509468744
134,Mpala07-137,137,0.6346153846153847,0.46153846153846156,0.6538461538461539,0.4807692307692308,137.0,137.0,20/01/2022,100.0,21.0,23.0,17.0,21.0,20.5,163.92,153.57,Segera Border,IN,AD,big,32.334,131.586,121.236,10.35,23.0,0.23,0.0503955781459808,0.0698366276919841,0.0918204672634601,0.1102247610688209,0.989544689655304,1.00994074344635,0.1596106886863708,0.2411752343177795,1.0,0.0,0.05,0.0495078551137352,0.064516129032258,0.8554013740254807,0.9504181742668152,0.0,0.05,0.0,0.0,0.4468974209413798,4.797739059233596
135,Mpala07-138,138,0.0454545454545454,0.0,0.0454545454545454,0.0,138.0,138.0,20/01/2022,0.0,0.0,0.0,0.0,0.0,0.0,0.0,,Segera Border,OUT,,,0.0,0.0,0.0,0.0,0.0,0.0,0.0,0.0,0.0,0.0,0.0,0.0,0.0,0.0,1.0,0.0,0.05,11.732886808222908,0.0161290322580645,-0.0,1.0,0.0,0.05,0.0,0.0,0.1832085589008133,0.0
136,Mpala07-139,139,0.3734939759036144,0.144578313253012,0.3734939759036144,0.144578313253012,139.0,139.0,20/01/2022,30.0,4.0,0.0,6.0,17.0,6.75,62.88,59.63,Segera Border,OUT,,big,32.334,30.546,27.296,3.25,17.0,0.17,0.0605821087956428,0.0692053213715553,0.0733279399573803,0.0933020338416099,0.1287250167131424,0.1295863389968872,0.0840309038758277,0.0236138943582773,1.0,0.0,0.05,0.3877958411509879,0.032258064516129,0.4131881852979304,1.0,0.0,0.05,0.0,0.0,0.2543041612668863,3.3067401713092686
137,Mpala07-140,140,0.5454545454545454,0.2207792207792207,0.5454545454545454,0.2207792207792207,140.0,140.0,20/01/2022,90.0,23.0,26.0,24.0,13.0,21.5,194.84,186.56,Segera Border,OUT,,big,32.334,162.506,154.226,8.28,26.0,0.26,0.0560776703059673,0.0628274008631706,0.0736865326762199,0.1001143008470535,0.1278284364938736,0.1338514238595962,0.0815347954630851,0.0221916977316141,1.0,0.0,0.05,0.3792367531646309,0.032258064516129,0.5278924272785966,0.8937526941299438,0.0,0.05,0.0,0.0,0.2958140799298679,5.03841905910775
138,Mpala07-141,141,0.30635127461962813,0.014684607952961445,0.3125,0.0208333333333333,141.0,141.0,20/01/2022,85.0,11.0,11.0,13.0,13.0,12.0,92.88,91.03,Segera Border,OUT,,big,32.334,60.546,58.696,1.85,13.0,0.13,0.0647578462958335,0.0647578462958335,0.0647578462958335,0.0647578462958335,0.0647578462958335,0.0647578462958335,0.0647578462958335,0.0,1.0,0.0,0.05,0.7721072095508668,0.032258064516129,0.1012648175667919,1.0,0.0,0.05,0.0,0.0,0.1909722363484301,4.072371581411693
139,Mpala07-142,142,0.1,0.0,0.1,0.0,142.0,142.0,20/01/2022,0.0,0.0,0.0,0.0,0.0,0.0,0.0,,Segera Border,OUT,,,0.0,0.0,0.0,0.0,0.0,0.0,0.0,0.0,0.0,0.0,0.0,0.0,0.0,0.0,1.0,0.0,0.05,3.316116671176022,0.032258064516129,0.0748759732320604,1.0,0.0,0.05,0.0,0.0,0.1743540724016893,0.0
140,Mpala07-143,143,0.42851977735377644,0.06740866624266534,0.4444444444444444,0.0833333333333333,143.0,143.0,20/01/2022,35.0,9.0,16.0,12.0,6.0,10.75,79.83,75.15,Segera Border,OUT,,big,32.334,47.496,42.816,4.68,16.0,0.16,0.0556694865226745,0.0566713511943817,0.0646520182490348,0.0682488456368446,0.0800849342346191,0.0814616978168487,0.0647828578948974,0.0081849740818142,1.0,0.0,0.05,0.6420432302553958,0.0483870967741935,0.3385957261451269,1.0,0.0,0.05,0.0,0.0,0.2117807989823969,3.7569118645057635
141,Mpala07-144,144,0.5254237288135594,0.3220338983050848,0.559322033898305,0.3559322033898305,144.0,144.0,20/01/2022,100.0,15.0,10.0,32.0,28.0,21.25,152.28,106.02,Segera Border,IN,AD,big,32.334,119.946,73.686,46.26,32.0,0.32,0.0543333329260349,0.0689439158886671,0.0876632668077945,0.1453150659799575,0.6929101490974425,0.7506844401359558,0.1632322520017624,0.1887170225381851,1.0,0.0,0.05,0.0666058830138327,0.064516129032258,0.8326886502679653,0.952723503112793,0.0,0.05,0.0,0.0,0.3728609744702203,4.299812821856302
142,Mpala07-145,145,0.2127659574468085,0.0,0.2127659574468085,0.0,145.0,145.0,20/01/2022,10.0,3.0,2.0,0.0,0.0,1.25,36.1,35.22,Segera Border,OUT,,big,32.334,3.766,2.886,0.88,3.0,0.03,0.0,0.0,0.0,0.0,0.0,0.0,0.0,0.0,1.0,0.0,0.05,1.4359645780849182,0.0161290322580645,-0.0,1.0,0.0,0.05,0.0,0.0,0.1832085589008133,1.059871460351679
143,Mpala07-146,146,0.087719298245614,0.0,0.087719298245614,0.0,146.0,146.0,20/01/2022,90.0,18.0,10.0,11.0,16.0,13.75,85.38,76.5,Segera Border,IN,AM,big,32.334,53.046,44.166,8.88,18.0,0.18,0.0,0.0,0.0,0.0,0.0,0.0,0.0,0.0,1.0,0.0,0.05,1.9282484342054536,0.0161290322580645,-0.0,1.0,0.0,0.05,0.0,0.0,0.1832085589008133,3.7879552623046235
144,Mpala07-147,147,0.0888888888888888,0.0,0.0888888888888888,0.0,147.0,147.0,20/01/2022,30.0,3.0,3.0,18.0,5.0,7.25,39.32,38.09,Segera Border,OUT,,small,16.0905,23.2295,21.9995,1.23,18.0,0.18,0.0,0.0,0.0,0.0,0.0,0.0,0.0,0.0,1.0,0.0,0.05,2.498174367965797,0.032258064516129,0.1065659588280199,1.0,0.0,0.05,0.0,0.0,0.1694860737925917,3.09101972582732
145,Mpala07-148,148,0.0857142857142857,0.0,0.0857142857142857,0.0,148.0,148.0,20/01/2022,40.0,0.0,11.0,0.0,8.0,4.75,71.31,66.52,Segera Border,OUT,,big,32.334,38.976,34.186,4.79,11.0,0.11,0.0,0.0,0.0,0.0,0.0,0.0,0.0,0.0,1.0,0.0,0.05,2.25156541133032,0.0161290322580645,-0.0,1.0,0.0,0.05,0.0,0.0,0.1832085589008133,3.5318162035340763
146,Mpala07-149,149,0.3638617296008285,0.08886172960082855,0.375,0.1,149.0,149.0,20/01/2022,85.0,13.0,17.0,17.0,19.0,16.5,132.79,127.12,Segera Border,OUT,,big,32.334,100.456,94.786,5.67,19.0,0.19,0.0540982596576213,0.0558093441650271,0.0585735738277435,0.063293095678091,0.0702638998627662,0.0708700567483902,0.0605288669466972,0.0064336103387176,1.0,0.0,0.05,0.7055165791317889,0.032258064516129,0.3250829733914482,1.0,0.0,0.05,0.0,0.0,0.2277234592016571,4.5516217190304165
147,Mpala07-150,150,0.6421052631578947,0.5473684210526316,0.6421052631578947,0.5473684210526316,150.0,150.0,20/01/2022,100.0,31.0,32.0,32.0,33.0,32.0,283.1,269.92,Segera Border,OUT,,big,32.334,250.766,237.586,13.18,33.0,0.33,0.0503143407404422,0.0959073491394519,0.1178015768527984,0.1488123759627342,0.2103270512819289,0.2193236649036407,0.1213428825139999,0.0402934476733207,1.0,0.0,0.25,1.1528004404492564,0.032258064516129,0.6886529090630944,0.722694993019104,0.0,0.25,0.0,0.0,0.486766531188291,5.470529663193566
148,Mpala09-152,152,0.103448275862069,0.0,0.3793103448275862,0.2758620689655172,152.0,152.0,21/01/2022,95.0,5.0,12.0,21.0,17.0,13.75,169.36,161.24,,IN,AD,big,32.334,137.026,128.906,8.12,21.0,0.21,1.1733089685440063,1.329643577337265,1.4740612506866455,1.5801571011543274,1.7135686302185058,1.735697627067566,1.4568966627120972,0.1558476537466049,2.0,1.45,1.5,0.8642058251437645,0.0806451612903225,1.2820715057856775,0.9941942095756532,0.4833333333333333,0.775,0.725,1.0689655172413794,0.1206434339080853,4.859083456573234
149,Mpala09-151,151,0.08626958047708969,0.016502138616624574,0.0930232558139534,0.0232558139534883,151.0,151.0,21/01/2022,50.0,14.0,6.0,16.0,0.0,9.0,76.34,72.36,,OUT,,small,16.0905,60.2495,56.2695,3.98,16.0,0.16,0.0702474191784858,0.0702474191784858,0.0702474191784858,0.0702474191784858,0.0702474191784858,0.0702474191784858,0.0702474191784858,0.0,1.0,0.0,0.05,0.7117699210124593,0.032258064516129,0.110453046672598,1.0,0.0,0.05,0.0,0.0,0.1919183921029718,4.030152647676191
150,Mpala09-153,153,0.2205882352941176,0.0,0.2205882352941176,0.0,153.0,153.0,21/01/2022,65.0,5.0,21.0,8.0,0.0,8.5,70.35,66.76,,OUT,,big,32.334,38.016,34.426,3.59,21.0,0.21,0.0,0.0,0.0,0.0,0.0,0.0,0.0,0.0,1.0,0.0,0.05,1.029327057960327,0.0161290322580645,-0.0,1.0,0.0,0.05,0.0,0.0,0.1832085589008133,3.5388120928493145
151,Mpala09-154,154,0.3170731707317074,0.29268292682926833,0.5,0.4756097560975609,154.0,154.0,21/01/2022,100.0,28.0,30.0,32.0,22.0,28.0,269.57,256.02,,IN,AD,big,32.334,237.236,223.686,13.55,32.0,0.32,0.05133518576622,0.1322726756334304,0.2106199711561203,1.5829088687896729,1.676892981529236,1.6829322576522827,0.790268063545227,0.7174923419952393,2.0,1.7,1.75,1.0398517183580982,0.0806451612903225,1.3181985524639928,0.9559488296508788,0.4857142857142857,0.9,0.85,1.0588235294117647,0.3732556382257478,5.410243282720022
152,Mpala09-155,155,0.1063829787234042,0.0,0.1063829787234042,0.0,155.0,155.0,21/01/2022,20.0,0.0,15.0,0.0,19.0,8.5,60.74,57.49,,OUT,,small,16.0905,44.6495,41.3995,3.25,19.0,0.19,0.0,0.0,0.0,0.0,0.0,0.0,0.0,0.0,1.0,0.0,0.05,1.0367770719303886,0.0161290322580645,-0.0,1.0,0.0,0.05,0.0,0.0,0.1832085589008133,3.7232688034636516
153,Mpala10-157,157,0.11567258639553746,0.00900591972887077,0.4266666666666667,0.32,157.0,157.0,23/01/2022,90.0,12.0,29.0,14.0,24.0,19.75,172.55,156.92,,IN,AM,big,32.334,140.216,124.586,15.63,29.0,0.29,0.0532215312123298,1.3240556120872498,1.387335240840912,1.437619388103485,1.6477145171165468,1.7184786796569824,1.328423261642456,0.2950330674648285,2.0,1.45,1.5,0.8851439099269067,0.0967741935483871,1.1803725050884517,0.9757410883903505,0.4833333333333333,0.775,0.725,1.0689655172413794,0.185088795933061,4.824996240489984
154,Mpala10-159,159,0.48,0.14,0.48,0.14,159.0,159.0,23/01/2022,85.0,9.0,17.0,18.0,17.0,15.25,136.6,130.84,,OUT,,big,32.334,104.266,98.506,5.76,18.0,0.18,0.0510757900774478,0.0556661318987607,0.0624307207763195,0.0666251480579376,0.1171045246720313,0.1237303167581558,0.0688313394784927,0.023111393675208,1.0,0.0,0.05,0.4041046795162609,0.032258064516129,0.4049634850639385,1.0,0.0,0.05,0.0,0.0,0.2518443001857686,4.590117460028463
155,Mpala10-158,158,0.14024437792182623,0.030655336825935815,0.1506849315068493,0.0410958904109589,158.0,158.0,23/01/2022,65.0,2.0,3.0,3.0,1.0,2.25,36.29,34.12,,OUT,,small,16.0905,20.1995,18.0295,2.17,3.0,0.03,0.0665276497602462,0.0675678290426731,0.0686080083250999,0.0909331440925598,0.1114722689986228,0.1132582798600196,0.0827979817986488,0.0215554218739271,1.0,0.0,0.05,0.453384809665936,0.032258064516129,0.1714114437585355,1.0,0.0,0.05,0.0,0.0,0.199189305886221,2.892009305272185
156,Mpala10-161,161,0.2948717948717949,0.0,0.2948717948717949,0.0,161.0,161.0,23/01/2022,25.0,4.0,2.0,1.0,2.0,2.25,32.43,31.1,,OUT,,small,16.0905,16.3395,15.0095,1.33,4.0,0.04,0.0,0.0,0.0,0.0,0.0,0.0,0.0,0.0,1.0,0.0,0.05,1.353218524638575,0.032258064516129,0.0645814363776275,1.0,0.0,0.05,0.0,0.0,0.1758215580238662,2.708683333964627
157,Mpala10-160,160,0.25199518886229083,0.007314337798461051,0.351063829787234,0.1063829787234042,160.0,160.0,23/01/2022,80.0,16.0,27.0,11.0,15.0,17.25,154.8,134.5,,IN,AM,big,32.334,122.466,102.166,20.3,27.0,0.27,0.0634732469916343,1.2857196927070618,1.3603978157043457,1.7020208835601809,2.0821506214141845,2.100796222686768,1.4260694980621338,0.4373942613601684,2.0,1.45,1.5,0.7207077699239521,0.1290322580645161,0.7890948570942253,1.0,0.4833333333333333,0.775,0.725,1.0689655172413794,0.187509550611068,4.626598941401385
158,Mpala10-163,163,0.31104160954083476,0.0050714602871034,0.3134328358208955,0.0074626865671641,163.0,163.0,23/01/2022,20.0,0.0,5.0,4.0,0.0,2.25,36.12,34.57,,OUT,,small,16.0905,20.0295,18.4795,1.55,5.0,0.05,0.0510666668415069,0.0510666668415069,0.0510666668415069,0.0510666668415069,0.0510666668415069,0.0510666668415069,0.0510666668415069,0.0,1.0,0.0,0.05,1.148148649550641,0.032258064516129,0.0439858144770811,1.0,0.0,0.05,0.0,0.0,0.1859151356943726,2.9166620095704543
159,Mpala10-162,162,0.7099236641221374,0.4885496183206106,0.7099236641221374,0.4885496183206106,162.0,162.0,23/01/2022,95.0,23.0,33.0,18.0,16.0,22.5,366.9,348.69,,OUT,,big,32.334,334.566,316.356,18.21,33.0,0.33,0.0528376214206218,0.0939641464501619,0.1147533915936946,0.1308455653488636,0.1925693958997726,0.1996603459119796,0.1147165447473526,0.0336895808577537,1.0,0.0,0.05,0.2526330784176035,0.032258064516129,0.6928849351537185,0.7581110596656799,0.0,0.05,0.0,0.0,0.4507172877636758,5.756868161747791
160,Mpala10-164,164,0.1666666666666666,0.0,0.1666666666666666,0.0,164.0,164.0,23/01/2022,40.0,3.0,26.0,2.0,0.0,7.75,48.65,47.47,,OUT,,small,16.0905,32.5595,31.3795,1.18,26.0,0.26,0.0,0.0,0.0,0.0,0.0,0.0,0.0,0.0,1.0,0.0,0.05,2.095370607581898,0.0161290322580645,-0.0,1.0,0.0,0.05,0.0,0.0,0.1832085589008133,3.446154813462201
161,Mpala10-167,167,0.2564102564102564,0.0,0.2564102564102564,0.0,167.0,167.0,23/01/2022,55.0,4.0,8.0,21.0,9.0,10.5,54.33,52.84,,OUT,,small,16.0905,38.2395,36.7495,1.49,21.0,0.21,0.0,0.0,0.0,0.0,0.0,0.0,0.0,0.0,1.0,0.0,0.05,1.5264225926195505,0.0161290322580645,-0.0,1.0,0.0,0.05,0.0,0.0,0.1832085589008133,3.604124620124114
162,Mpala10-166,166,0.514018691588785,0.0,0.514018691588785,0.0,166.0,166.0,23/01/2022,20.0,6.0,0.0,7.0,7.0,5.0,38.53,37.55,,OUT,,small,16.0905,22.4395,21.4595,0.98,7.0,0.07,0.0,0.0,0.0,0.0,0.0,0.0,0.0,0.0,1.0,0.0,0.05,1.0603916123641954,0.0161290322580645,-0.0,1.0,0.0,0.05,0.0,0.0,0.1832085589008133,3.0661674377698924
163,Mpala10-165,165,0.14538071753355442,0.05766141928794033,0.5263157894736842,0.4385964912280701,165.0,165.0,23/01/2022,90.0,12.0,18.0,23.0,12.0,16.25,159.76,151.4,,IN,AE,big,32.334,127.426,119.066,8.36,23.0,0.23,0.0519121512770652,0.8439824730157852,1.5963618159294128,2.009598881006241,2.949898657798766,4.838501453399658,1.441550374031067,0.9021226167678832,4.0,3.0,5.0,1.0950256438506758,0.2096774193548387,2.124248135052233,0.8259866833686829,0.675,2.075,1.826369349282888,1.1361338279219015,0.32167522485315,4.779677961214416
164,Mpala15-188,188,0.0943396226415094,0.0,0.0943396226415094,0.0,188.0,188.0,27/01/2022,70.0,4.0,1.0,5.0,4.0,3.5,67.46,49.45,,OUT,,small,16.0905,51.3695,33.3595,18.01,5.0,0.05,0.0,0.0,0.0,0.0,0.0,0.0,0.0,0.0,1.0,0.0,0.05,1.3712121487652449,0.0161290322580645,-0.0,1.0,0.0,0.05,0.0,0.0,0.1832085589008133,3.507342589368632
165,Mpala15-190,190,0.050963349190316164,0.013227500133712366,0.0566037735849056,0.0188679245283018,190.0,190.0,27/01/2022,50.0,5.0,3.0,4.0,3.0,3.75,61.86,45.7,,OUT,,small,16.0905,45.7695,29.6095,16.16,5.0,0.05,0.0592045448720455,0.0592045448720455,0.0592045448720455,0.0592045448720455,0.0592045448720455,0.0592045448720455,0.0592045448720455,0.0,1.0,0.0,0.05,0.844529758788981,0.032258064516129,0.0935999632458157,1.0,0.0,0.05,0.0,0.0,0.1902115014173517,3.3880952557838278
166,Mpala15-191,191,0.0,0.0,0.024390243902439,0.024390243902439,191.0,191.0,27/01/2022,15.0,2.0,0.0,1.0,2.0,1.25,48.05,37.96,,OUT,,big,32.334,15.716,5.626,10.09,2.0,0.02,0.0509999990463256,0.0509999990463256,0.0509999990463256,0.0509999990463256,0.0509999990463256,0.0509999990463256,0.0509999990463256,0.0,0.0,0.0,0.0,0.0,0.0,0.0,0.0,0.0,0.0,0.0,0.0,0.0,1.7273987100676653
167,Mpala15-192,192,0.015625,0.0,0.1171875,0.1015625,192.0,192.0,27/01/2022,80.0,3.0,7.0,6.0,4.0,5.0,94.03,72.73,,IN,AG,big,32.334,61.696,40.396,21.3,7.0,0.07,1.5938133001327517,1.757000207901001,1.7886817455291748,1.8688483238220213,2.008177719116211,2.036132574081421,1.7971642017364502,0.1154148206114769,2.0,1.95,2.0,0.9822543116586002,0.064516129032258,0.6652273750632512,1.0,0.4875,1.025,0.975,1.051282051282051,0.1832085589008133,3.6987307701643104
168,Mpala15-194,194,0.0,0.0,0.0454545454545454,0.0454545454545454,194.0,194.0,27/01/2022,60.0,16.0,6.0,12.0,10.0,11.0,88.31,78.57,,IN,AE,big,32.334,55.976,46.236,9.74,16.0,0.16,2.04486083984375,2.223972201347351,2.403083562850952,2.582194924354553,2.746977376937866,2.7613062858581543,2.403083562850952,0.3582227230072021,3.0,2.2,3.0,1.0864423173062328,0.0483870967741935,0.334221146213383,1.0,0.25,1.7666666666666666,1.251887463880928,1.4112024583982103,0.1832085589008133,3.8337587154320207
169,Mpala15-198,198,0.024096385542168697,0.0,0.4799196787148594,0.4558232931726907,198.0,198.0,27/01/2022,60.0,2.0,3.0,7.0,9.0,5.25,80.4,69.63,,IN,AG,big,32.334,48.066,37.296,10.77,9.0,0.09,0.8407727479934692,1.8643375635147093,1.9737142324447632,2.178999900817871,2.4204999351501466,2.5643630027771,1.9874517917633057,0.3124802112579345,3.0,1.0,2.0,0.8149452773501845,0.1129032258064516,1.3929938584174089,0.9813191294670104,0.5,1.0166666666666666,0.7961713941664124,1.2769444796884617,0.1833593758082161,3.6188860822934013
170,Mpala07-121,121,0.3623188405797101,0.0,0.3623188405797101,0.0,121.0,121.0,20/01/2022,10.0,5.0,0.0,0.0,4.0,2.25,33.05,32.16,Segera Border,OUT,,small,16.0905,16.9595,16.0695,0.89,5.0,0.05,0.0,0.0,0.0,0.0,0.0,0.0,0.0,0.0,1.0,0.0,0.05,1.227022975060317,0.0161290322580645,-0.0,1.0,0.0,0.05,0.0,0.0,0.1832085589008133,2.7769230653885852
