,featureid,id,coverherb_0m,coverherb_5cm,cover_0m,cover_5cm,Plot #,Letter,GPS #,Date Harvested,Site,% Cover,Height 1,Height 2,Height 3,Height 4,Dry Weight (g),Location,Tree Species,DPM,0,25,50,75,98,100,mean,std,nlayers,gapsize,maxpeakh,ptoh,cscore,FHD,VDR,VDRpeak,meanpeakh,stdpeakh,cvpeakh,herbh,PAIsum_0m,PAIsum_5cm,PAIsum_0mto1p5m,PAIsum_5cmto1p5m,PAImean_0mto1p5m,PAImean_5cmto1p5m,log(DryWeight)
0,KrugerLowerSabie2022-A1,A1,0.9444444444444444,0.3484848484848485,0.9444444444444444,0.3484848484848485,A1,A,1.0,Sep 26 2022,Lower Sabie west,70,2.0,6.0,5.0,2.0,18.03,No trees,,5.0,0.0504110157489776,0.055449616163969,0.0608353093266487,0.067735731601715,0.1225325763225555,0.1518157720565796,0.0658414661884307,0.0174801424145698,1.0,0.0,0.05,0.4044203147420778,0.032258064516129,0.6465036520083403,0.708296537399292,0.0,0.05,0.0,0.0,0.3678729456602488,2.669390044707033,0.8569092526657263,2.669390044707033,0.8569092526657263,0.33367375558837914,0.12241560752367518,2.8920370372152258
1,KrugerLowerSabie2022-A2,A2,0.9948979591836736,0.9897959183673468,0.9948979591836736,0.9897959183673468,A2,A,2.0,Sep 26 2022,Lower Sabie west,100,50.0,40.0,45.0,45.0,137.58,No trees,,16.0,0.050519909709692,0.1881515607237815,0.2445000037550926,0.3004325926303863,0.3955399948358534,0.4320000112056732,0.2440463155508041,0.0811971053481102,1.0,0.0,0.25,0.5922514263577899,0.0483870967741935,0.7428010662381923,0.4363426268100738,0.0,0.25,0.0,0.0,0.986372484354112,2.7440468287513955,2.7338166274178537,2.7440468287513955,2.7338166274178537,0.34300585359392444,0.39054523248826484,4.924205566097869
2,KrugerLowerSabie2022-A3,A3,0.9899497487437184,0.9798994974874372,0.9899497487437184,0.9798994974874372,A3,A,3.0,Sep 26 2022,Lower Sabie west,100,75.0,85.0,70.0,65.0,300.17,No trees,,36.0,0.0505174547433853,0.2454832270741462,0.3120666444301605,0.4057851135730743,0.5011915445327759,0.5405061841011047,0.3153428733348846,0.1104703769087791,1.0,0.0,0.5,0.954328702623482,0.064516129032258,0.758395754571932,0.4250690639019012,0.0,0.5,0.0,0.0,1.1222753630668858,3.064477725190794,3.044275533217787,3.064477725190794,3.044275533217787,0.3830597156488493,0.43489650474539815,5.704348980827941
3,KrugerLowerSabie2022-A4,A4,0.9464285714285714,0.625,0.9464285714285714,0.625,A4,A,4.0,Sep 26 2022,Lower Sabie west,65,1.0,4.5,3.0,0.0,28.28,No trees,,4.5,0.0500208474695682,0.0539756678044796,0.0586699433624744,0.0627486407756805,0.0787005060911178,0.0911631435155868,0.0594573840498924,0.0069864601828157,1.0,0.0,0.25,3.1242319514935333,0.032258064516129,0.6615632381579821,0.4194236397743225,0.0,0.25,0.0,0.0,0.5440546523573924,2.7371895680409795,1.9616585060234524,2.7371895680409795,1.9616585060234524,0.34214869600512243,0.28023692943192174,3.342154841028372
4,KrugerLowerSabie2022-A5,A5,0.9906103286384976,0.9577464788732394,0.9906103286384976,0.9577464788732394,A5,A,5.0,Sep 26 2022,Lower Sabie west,100,65.0,70.0,60.0,70.0,162.31,No trees,,16.5,0.0505005195736885,0.1653896570205688,0.2372615411877632,0.291250005364418,0.3849312543869018,0.4487961530685425,0.2305154949426651,0.0826267227530479,1.0,0.0,0.25,0.5886508620609603,0.0483870967741935,0.8285063540178184,0.4899683892726898,0.0,0.25,0.0,0.0,0.9472835549696372,2.7107404598387603,2.643908465999072,2.7107404598387603,2.643908465999072,0.33884255747984504,0.3777012094284388,5.089508086916979
5,KrugerLowerSabie2022-A6,A6,0.8611111111111112,0.15,0.8611111111111112,0.15,A6,A,6.0,Sep 26 2022,Lower Sabie west,70,20.0,15.0,2.0,5.0,20.01,No trees,,5.5,0.0502496436238288,0.0535089205950498,0.0579977594316005,0.0716402940452098,0.1016905045509338,0.1031440496444702,0.0646566823124885,0.0160488076508045,1.0,0.0,0.05,0.501876398121674,0.032258064516129,0.4227090878059908,0.7081227898597717,0.0,0.05,0.0,0.0,0.2572220998881959,2.808464123613116,0.3250378589955499,2.808464123613116,0.3250378589955499,0.3510580154516395,0.04643397985650712,2.996232148595642
6,KrugerLowerSabie2022-A7,A7,0.8872682408059224,0.0179215071375807,0.8944723618090452,0.0251256281407035,A7,A,7.0,Sep 26 2022,Lower Sabie west,40,5.0,5.5,5.0,5.0,25.25,No trees,,4.5,0.0507842078804969,0.0519454106688499,0.0546727553009986,0.0569441765546798,0.059287741780281,0.0594915300607681,0.0547676160931587,0.0031904284842312,1.0,0.0,0.05,0.8896452226310015,0.032258064516129,0.1173667723603911,0.5377413630485535,0.0,0.05,0.0,0.0,0.1926551968151425,4.121309904728348,0.050893331322328525,4.121309904728348,0.050893331322328525,0.5151637380910435,0.00727047590318979,3.228826155721369
7,KrugerLowerSabie2022-A9,A9,0.9586326663883267,0.8304275381831986,0.9597069597069596,0.8315018315018315,A9,A,9.0,Sep 26 2022,Lower Sabie west,100,40.0,45.0,25.0,45.0,109.34,No trees,,13.0,0.0520000010728836,0.0921230837702751,0.1216140910983085,0.1487073972821235,0.2576599079370495,0.5424439311027527,0.127519816160202,0.0565681792795658,1.0,0.0,0.25,0.8334401773182042,0.064516129032258,0.5506547239079489,0.7946507334709167,0.0,0.25,0.0,0.0,0.676679481003298,3.666554856892405,3.392152613865435,3.666554856892405,3.392152613865435,0.45831935711155064,0.48459323055220505,4.694462293466853
8,KrugerLowerSabie2022-A8,A8,0.9263367271626238,0.5453843462102428,0.9393939393939394,0.5584415584415584,A8,A,8.0,Sep 26 2022,Lower Sabie west,75,10.0,30.0,10.0,25.0,57.13,No trees,,8.5,0.0502258092164993,0.0647150576114654,0.0771589428186416,0.1003329083323478,0.380245366096496,0.5278559327125549,0.0948139950633049,0.0731461942195892,1.0,0.0,0.25,0.4840302129132741,0.064516129032258,0.7732303469556134,0.8999242186546326,0.0,0.25,0.0,0.0,0.4959459936415162,2.551924359675127,1.5927781991513543,2.551924359675127,1.5927781991513543,0.3189905449593909,0.22753974273590777,4.045329372736371
9,KrugerLowerSabie2022-A10,A10,0.9952380952380953,0.973015873015873,0.9952380952380953,0.973015873015873,A10,A,10.0,Sep 26 2022,Lower Sabie west,95,60.0,45.0,55.0,65.0,136.81,No trees,,21.0,0.0509999990463256,0.1432211622595787,0.2073830068111419,0.2666481137275696,0.3867859065532684,0.516739547252655,0.2098537236452102,0.0848364755511283,1.0,0.0,0.25,0.600782838356773,0.064516129032258,0.7736841709048804,0.6036722660064697,0.0,0.25,0.0,0.0,0.9340685672927822,2.905200750502926,2.8602550387988086,2.905200750502926,2.8602550387988086,0.3631500938128657,0.4086078626855441,4.918593101932023
10,KrugerLowerSabie2022-B6,B6,0.9373040752351096,0.3385579937304075,0.9373040752351096,0.3385579937304075,B6,B,6.0,Sep 26 2022,Lower Sabie west,0,0.0,0.0,0.0,0.0,0.75,Bareground,,1.0,0.0500613860785961,0.0535881342366337,0.0573422834277153,0.0618191873654723,0.0799788725376129,0.125160664319992,0.059054460376501,0.0089838551357388,1.0,0.0,0.05,0.6607417692413758,0.032258064516129,0.6400743670705318,0.6482735276222229,0.0,0.05,0.0,0.0,0.3621559429429747,2.6529876163480104,0.8266659386175561,2.6529876163480104,0.8266659386175561,0.3316234520435013,0.1180951340882223,-0.2876820724517809
11,KrugerLowerSabie2022-B5,B5,0.9056603773584906,0.3962264150943396,0.9056603773584906,0.3962264150943396,B5,B,5.0,Sep 26 2022,Lower Sabie west,80,15.0,10.0,10.0,15.0,46.66,No trees,,8.5,0.0505678802728652,0.0574085917323827,0.0677708834409713,0.0814993400126695,0.1065987324714661,0.1245912462472915,0.070950448513031,0.0159466303884983,1.0,0.0,0.05,0.4585122686513997,0.032258064516129,,0.6535979509353638,0.0,0.05,0.0,0.0,0.395648845219489,2.4335027725660705,1.0091120215047904,2.4335027725660705,1.0091120215047904,0.3041878465707588,0.14415886021497007,3.8428872665932836
12,KrugerLowerSabie2022-B4,B4,0.9103448275862068,0.6344827586206897,0.9103448275862068,0.6344827586206897,B4,B,4.0,Sep 26 2022,Lower Sabie west,90,25.0,25.0,45.0,35.0,184.53,No trees,,16.5,0.0508236326277256,0.0673515945672988,0.1065071746706962,0.1659803539514541,0.3247594487667083,0.3474031388759613,0.1310911029577255,0.0766103267669677,1.0,0.0,0.25,0.746342397696379,0.0483870967741935,0.8801039375148972,0.8148476481437683,0.0,0.25,0.0,0.0,0.5826297696202576,2.4390359875872334,1.7934892030611316,2.4390359875872334,1.7934892030611316,0.3048794984484042,0.2562127432944474,5.217812051888387
13,KrugerLowerSabie2022-B2,B2,0.9867549668874172,0.933774834437086,0.9867549668874172,0.933774834437086,B2,B,2.0,Sep 26 2022,Lower Sabie west,90,50.0,55.0,35.0,35.0,126.63,No trees,,12.5,0.050000000745058,0.1145314015448093,0.1719237864017486,0.2228933796286583,0.3808999943733215,0.4410000145435333,0.1793760657310485,0.0777114182710647,1.0,0.0,0.25,0.5990989670398396,0.0483870967741935,0.6313396758629081,0.6248685717582703,0.0,0.25,0.0,0.0,0.8010634573143941,3.5749464504882726,3.4660760373782384,3.5749464504882726,3.4660760373782384,0.4468683063110341,0.4951537196254626,4.841269448462517
14,KrugerLowerSabie2022-B3,B3,0.9731800766283524,0.6360153256704981,0.9731800766283524,0.6360153256704981,B3,B,3.0,Sep 26 2022,Lower Sabie west,85,2.5,2.0,15.0,10.0,96.46,No trees,,8.0,0.050000000745058,0.0663555301725864,0.0920000001788139,0.1266288161277771,0.2121974390745165,0.3519999980926513,0.1011725813150405,0.0442393273115158,1.0,0.0,0.25,1.0325761169037626,0.0483870967741935,0.6950299587092986,0.8246320486068726,0.0,0.25,0.0,0.0,0.5578570749911497,2.817461174534761,1.9950035488849327,2.817461174534761,1.9950035488849327,0.35218264681684514,0.28500050698356183,4.569128414640826
15,KrugerLowerSabie2022-B1,B1,0.934640522875817,0.673202614379085,0.934640522875817,0.673202614379085,B1,B,1.0,Sep 26 2022,Lower Sabie west,85,10.0,20.0,20.0,30.0,76.51,No trees,,7.0,0.0508031696081161,0.0671663880348205,0.0948408618569374,0.1246578097343444,0.182637721300125,0.2006922364234924,0.0995416641235351,0.0359203070402145,1.0,0.0,0.25,1.3185338306338843,0.032258064516129,0.6318873589149205,0.661310076713562,0.0,0.25,0.0,0.0,0.5779182540565496,2.842930037288769,2.236829831928579,2.842930037288769,2.236829831928579,0.3553662546610961,0.31954711884693987,4.3374214512437606
16,KrugerLowerSabie2022-A11,A11,1.0,0.9841772151898734,1.0,0.9841772151898734,A11,A,11.0,Sep 26 2022,Lower Sabie west,> 5,0.0,0.0,0.0,5.0,2.13,Bareground with burrow in between,,0.0,0.06700000166893,0.1700000017881393,0.2960000038146972,0.3409999907016754,0.3982000052928925,0.5490000247955322,0.2634868919849396,0.0901385247707367,1.0,0.0,0.5,1.1170106056078426,0.064516129032258,0.7767002891382454,0.472677618265152,0.0,0.5,0.0,0.0,0.9988125437295328,2.758012906949391,2.7261143041340348,2.758012906949391,2.7261143041340348,0.3447516133686739,0.3894449005905764,0.7561219797213338
17,KrugerLowerSabie2022-A12,A12,0.905,0.365,0.905,0.365,A12,A,12.0,Sep 26 2022,Lower Sabie west,65,25.0,5.0,5.5,2.0,28.66,No trees,,7.0,0.0501809269189834,0.0561200976371765,0.0630437061190605,0.0715734288096427,0.0988983070850372,0.1171426773071289,0.0655650049448013,0.0128860995173454,1.0,0.0,0.05,0.5028572384612598,0.032258064516129,0.6562408706276684,0.6367243528366089,0.0,0.05,0.0,0.0,0.3774285456153867,2.4613181391768837,0.9082605601788907,2.4613181391768837,0.9082605601788907,0.30766476739711046,0.1297515085969844,3.3555024224000256
18,KrugerLowerSabie2022-A13,A13,0.21404436815544664,0.09330133409971914,0.7110423116615067,0.5902992776057792,A13,A,13.0,Sep 26 2022,Lower Sabie west,40,30.0,10.0,15.0,15.0,28.06,Beneath A. nigrescens,#NAME?,,0.050311591476202,1.217115193605423,2.092930674552917,2.6029999256134038,2.91805362701416,3.154421329498291,1.789012432098389,0.9330955147743224,3.0,1.45,2.75,0.9240421762030092,0.2258064516129032,2.2902257431170137,0.5348072052001953,0.4545454545454545,1.4333333333333331,1.1032779442290244,1.2991588754499694,0.3983244977423499,1.4825608477296905,1.2252046776067895,0.8048066072672303,0.5474504371443294,0.10060082590840379,0.07820720530633277,3.3343450746743146
19,KrugerLowerSabie2022-B9,B9,0.967032967032967,0.956043956043956,0.967032967032967,0.956043956043956,B9,B,9.0,Sep 26 2022,Lower Sabie west,100,70.0,105.0,75.0,85.0,186.52,No trees,,29.0,0.0525579042732715,0.1532199792563915,0.2397374585270881,0.3157559335231781,0.4619261544942856,0.6020500063896179,0.2447333335876464,0.103396475315094,1.0,0.0,0.25,0.530855427489926,0.064516129032258,0.87172797442767,0.6135398149490356,0.0,0.25,0.0,0.0,0.9629007591222426,2.6170863472924077,2.5949866749192374,2.6170863472924077,2.5949866749192374,0.32713579341155097,0.37071238213131963,5.22853847194012
20,KrugerLowerSabie2022-B10,B10,0.9442622950819672,0.5508196721311476,0.9442622950819672,0.5508196721311476,B10,B,10.0,Sep 26 2022,Lower Sabie west,75,15.0,10.0,30.0,0.0,58.18,No trees,,9.0,0.0506782121956348,0.0614720545709133,0.0737495124340057,0.0922713484615087,0.1420883002877235,0.1989311575889587,0.0794006437063217,0.0256404019892215,1.0,0.0,0.25,1.486132350064221,0.032258064516129,0.687972972088721,0.7322278022766113,0.0,0.25,0.0,0.0,0.4889057491983402,2.600573604616747,1.6006617015585736,2.600573604616747,1.6006617015585736,0.3250717005770934,0.2286659573655105,4.063541653067055
21,KrugerLowerSabie2022-B11,B11,1.0,1.0,1.0,1.0,B11,B,11.0,Sep 26 2022,Lower Sabie west,100,80.0,65.0,55.0,90.0,203.61,No trees,,32.0,0.0659999996423721,0.2544208168983459,0.3172798752784729,0.375,0.4520339047908783,0.5067395567893982,0.3037741482257843,0.0942368507385253,1.0,0.0,0.5,1.0372088120169003,0.0483870967741935,0.5774192847082882,0.3738797903060913,0.0,0.5,0.0,0.0,1.1612915799587145,3.3730303408113547,3.3730303408113547,3.3730303408113547,3.3730303408113547,0.42162879260141933,0.48186147725876494,5.316206399383777
22,KrugerLowerSabie2022-B12,B12,0.9344978165938864,0.7248908296943232,0.9344978165938864,0.7248908296943232,B12,B,12.0,Sep 26 2022,Lower Sabie west,100,15.0,25.0,30.0,35.0,96.85,No trees,,13.5,0.0507369451224803,0.0780113264918327,0.107634749263525,0.143649686127901,0.2044449642300605,0.2196758836507797,0.1133761778473854,0.0428995229303836,1.0,0.0,0.25,1.158968355952551,0.032258064516129,0.5882745772230049,0.6195963025093079,0.0,0.25,0.0,0.0,0.610881067000687,3.0516244989022416,2.581174554325414,3.0516244989022416,2.581174554325414,0.3814530623627802,0.3687392220464877,4.573163389853005
23,KrugerLowerSabie2022-B13,B13,0.8598484848484849,0.2954545454545454,0.8598484848484849,0.2954545454545454,B13,B,13.0,Sep 26 2022,Lower Sabie west,80,10.0,2.0,5.0,5.0,79.79,No trees,,6.0,0.0501338057219982,0.0557795548811554,0.061362063512206,0.0685320328921079,0.0839359067380427,0.0905402228236198,0.0629414319992065,0.0089756790548563,1.0,0.0,0.05,0.6249064756440711,0.032258064516129,0.6069636115082722,0.6196905374526978,0.0,0.05,0.0,0.0,0.3375612543696816,2.362438808432362,0.7004048588662297,2.362438808432362,0.7004048588662297,0.29530485105404525,0.10005783698088996,4.379398183320189
24,KrugerLowerSabie2022-B14,B14,0.9969230769230768,0.8369230769230769,0.9969230769230768,0.8369230769230769,B14,B,14.0,Sep 26 2022,Lower Sabie west,90,45.0,30.0,30.0,55.0,86.48,No trees,,12.0,0.0509999990463256,0.08250836096704,0.1068431362509727,0.1367567852139473,0.2248160335421561,0.2530890107154846,0.1153120920062065,0.0436269529163837,1.0,0.0,0.25,1.0377707551124198,0.0483870967741935,0.4810999678406804,0.6167356371879578,0.0,0.25,0.0,0.0,0.6747004507147756,3.914036486698251,3.565329712408696,3.914036486698251,3.565329712408696,0.48925456083728136,0.5093328160583851,4.4599131733309525
25,KrugerLowerSabie2022-B16,B16,0.94311377245509,0.6077844311377245,0.94311377245509,0.6077844311377245,B16,B,16.0,Sep 26 2022,Lower Sabie west,45,25.0,0.0,20.0,35.0,57.71,No trees,,7.0,0.050000000745058,0.0719999969005584,0.0896695517003536,0.1095207966864109,0.171827383339405,0.2066139429807663,0.0942883938550949,0.0313929915428161,1.0,0.0,0.25,1.4279025346143144,0.032258064516129,0.6683986058406349,0.6893192529678345,0.0,0.25,0.0,0.0,0.5334198763435308,2.68881456175994,1.8718873395510975,2.68881456175994,1.8718873395510975,0.3361018202199925,0.26741247707872823,4.055430468722875
26,KrugerLowerSabie2022-B17,B17,0.9174434028911708,0.5282028965620567,0.9208860759493672,0.5316455696202531,B17,B,17.0,Sep 26 2022,Lower Sabie west,85,20.0,35.0,30.0,10.0,73.64,No trees,,10.0,0.0500665679574012,0.0624126810580492,0.0749179497361183,0.0952638387680053,0.1643328511714934,0.5242551565170288,0.0850884690880775,0.0447090566158294,1.0,0.0,0.25,1.3747451742784202,0.064516129032258,0.7298643990797121,0.8992233872413635,0.0,0.25,0.0,0.0,0.4780288284024766,2.488996187390483,1.5028921380264293,2.488996187390483,1.5028921380264293,0.31112452342381036,0.21469887686091846,4.299188356364877
27,KrugerLowerSabie2022-A14,A14,0.9126506024096386,0.5180722891566265,0.9126506024096386,0.5180722891566265,A14,A,14.0,Sep 26 2022,Lower Sabie west,80,30.0,35.0,20.0,45.0,52.12,No trees,,10.0,0.0503924079239368,0.0591638209298253,0.0800986625254154,0.1120902001857757,0.1646958637237548,0.1969467848539352,0.0884359404444694,0.0327072516083717,1.0,0.0,0.25,1.4758530246690489,0.032258064516129,0.692493822984783,0.7410374283790588,0.0,0.25,0.0,0.0,0.4687153431102643,2.463582429080149,1.4599223073653234,2.463582429080149,1.4599223073653234,0.3079478036350186,0.20856032962361762,3.9535487522566446
28,KrugerLowerSabie2022-A15,A15,0.88,0.4,0.88,0.4,A15,A,15.0,Sep 26 2022,Lower Sabie west,50,0.0,10.0,15.0,0.0,40.68,No trees,,8.0,0.0503116473555564,0.0614869743585586,0.0815433003008365,0.1091916766017675,0.1622332325577735,0.1934109479188919,0.089612103998661,0.0326561145484447,1.0,0.0,0.05,0.3050658472920048,0.032258064516129,0.6730116670092565,0.8029775023460388,0.0,0.05,0.0,0.0,0.3978643568478842,2.3295041823453095,1.0216512475319814,2.3295041823453095,1.0216512475319814,0.2911880227931637,0.1459501782188545,3.705736571180359
29,KrugerLowerSabie2022-A16,A16,0.9926470588235294,0.9742647058823528,0.9926470588235294,0.9742647058823528,A16,A,16.0,Sep 26 2022,Lower Sabie west,95,30.0,45.0,55.0,50.0,151.67,No trees,,13.0,0.0531671717762947,0.1400000005960464,0.1979231089353561,0.240828663110733,0.3286852431297299,0.5216403007507324,0.1943641752004623,0.0690668001770973,1.0,0.0,0.25,0.7357846339911336,0.064516129032258,0.6404617909584289,0.6292573809623718,0.0,0.25,0.0,0.0,0.8755652794121735,3.4216174119440925,3.3845105961525968,3.4216174119440925,3.3845105961525968,0.42770217649301157,0.48350151373608524,5.021707108063305
30,KrugerLowerSabie2022-B18,B18,0.9710843373493976,0.9036144578313252,0.9710843373493976,0.9036144578313252,B18,B,18.0,Sep 26 2022,Lower Sabie west,100,60.0,70.0,60.0,55.0,121.46,No trees,,15.0,0.0501090250909328,0.1155646257102489,0.1549430191516876,0.2052067145705223,0.2994577586650848,0.3929820358753204,0.1611309945583343,0.0616510547697544,1.0,0.0,0.25,0.8076721096504911,0.0483870967741935,0.5748098174835995,0.6278031468391418,0.0,0.25,0.0,0.0,0.7296325465457881,3.826176876066541,3.6864692216647077,3.826176876066541,3.6864692216647077,0.4782721095083176,0.5266384602378154,4.799584990469429
31,KrugerLowerSabie2022-B19,B19,0.9404946433737774,0.5035444967462114,0.9428152492668622,0.5058651026392962,B19,B,19.0,Sep 26 2022,Lower Sabie west,55,10.0,15.0,15.0,25.0,67.85,No trees,,11.0,0.0500870235264301,0.0605662204325199,0.078866921365261,0.1198069304227829,0.2216918045282364,0.5523996949195862,0.0998159870505333,0.059884700924158,1.0,0.0,0.05,0.20323093840566,0.064516129032258,0.7430321042647136,0.9085222482681274,0.0,0.05,0.0,0.0,0.4635841738072604,2.5439114952672166,1.3951372847557464,2.5439114952672166,1.3951372847557464,0.3179889369084021,0.19930532639367807,4.217299386280878
32,KrugerLowerSabie2022-A18,A18,0.8686761936852195,0.013774232900905813,0.8745098039215686,0.0196078431372549,A18,A,18.0,Sep 26 2022,Lower Sabie west,0,0.0,0.0,0.0,0.0,0.09,Bareground,,0.0,0.0507571808993816,0.0517476648092269,0.0562053583562374,0.1090260669589042,0.1492231184244155,0.1527185142040252,0.0840909630060195,0.0406603924930095,1.0,0.0,0.05,0.8039657335929643,0.032258064516129,0.0965089607359473,0.8074570894241333,0.0,0.05,0.0,0.0,0.1904971755892393,3.9002965196207624,0.03960525459235951,3.9002965196207624,0.03960525459235951,0.4875370649525953,0.005657893513194215,-2.407945608651872
33,KrugerLowerSabie2022-A17,A17,0.9415908939100598,0.5532413793469529,0.941747572815534,0.5533980582524272,A17,A,17.0,Sep 26 2022,Lower Sabie west,75,15.0,30.0,10.0,45.0,58.12,No trees,,9.0,0.0503432117402553,0.0688185878098011,0.0853267051279544,0.1159131973981857,0.1929739028215407,0.3157812356948852,0.0968619063496589,0.0405972264707088,1.0,0.0,0.25,1.2598869138653883,0.0483870967741935,0.7152578551827549,0.8217648267745972,0.0,0.25,0.0,0.0,0.4919310363680752,2.583474254251202,1.600285730574996,2.583474254251202,1.600285730574996,0.32293428178140027,0.22861224722499943,4.0625098387020815
34,KrugerLowerSabie2022-A19,A19,0.9926954909426617,0.985578053220242,0.99288256227758,0.9857651245551602,A19,A,19.0,Sep 26 2022,Lower Sabie west,100,60.0,55.0,65.0,45.0,153.59,No trees,,20.0,0.0502223186194896,0.1716737002134323,0.2324094995856285,0.2949999868869781,0.4752999877929686,0.7826176285743713,0.2412798702716827,0.1003031656146049,1.0,0.0,0.25,0.488586191837783,0.0806451612903225,0.7998108657423578,0.7061144709587097,0.0,0.25,0.0,0.0,0.9737164774439808,2.7814645784337153,2.7671788034089557,2.7814645784337153,2.7671788034089553,0.3476830723042144,0.39531125762985075,5.034286714427537
35,KrugerLowerSabie2022-A20,A20,0.8506893522272891,0.08077784780251024,0.8628318584070797,0.0929203539823008,A20,A,20.0,Sep 26 2022,Lower Sabie west,40,6.0,5.0,0.0,5.0,54.45,No trees,,4.5,0.0501650236546993,0.0524913631379604,0.0557509809732437,0.057308129966259,0.1174115255475044,0.1218502894043922,0.0606484748423099,0.0184217803180217,1.0,0.0,0.05,0.6176754367250139,0.032258064516129,0.3092428890264206,0.7619964480400085,0.0,0.05,0.0,0.0,0.2238647009844508,3.133632601649473,0.19505004026775524,3.133632601649473,0.19505004026775524,0.3917040752061841,0.027864291466822178,3.9972828493789696
36,KrugerLowerSabie2022-B20,B20,0.9309067301626186,0.6420178412737299,0.9333333333333332,0.6444444444444445,B20,B,20.0,Sep 26 2022,Lower Sabie west,70,25.0,15.0,25.0,40.0,46.55,No trees,,8.0,0.0500972792506217,0.0673794038593769,0.0852186679840087,0.115515261888504,0.2034436565637588,0.5109626650810242,0.0981627628207206,0.0486619658768177,1.0,0.0,0.25,1.1030102464210445,0.0483870967741935,0.6708521675237475,0.8740409016609192,0.0,0.25,0.0,0.0,0.558905000306214,2.7385821200025315,2.0567289460613454,2.7385821200025315,2.0567289460613454,0.34232276500031644,0.2938184208659065,3.840527003723076
37,KrugerLowerSabie2022-B22,B22,0.6579870856265442,0.44038317364610396,0.9180929095354524,0.7004889975550123,B22,B,22.0,Sep 26 2022,Lower Sabie west,80,50.0,15.0,40.0,25.0,83.56,Beneath A. nigrescens,,11.0,0.0504265464842319,0.096000000834465,0.1823721081018448,1.0621203184127808,1.2134213733673094,1.2527775764465332,0.4975600838661194,0.4707095921039581,2.0,1.0,1.25,1.024317104834974,0.1290322580645161,1.3393327639284125,0.9092653393745422,0.4,0.75,0.5,1.5,0.5962144555116582,2.1952077956189986,1.7044194751209396,2.1952077956189986,1.7044194751209394,0.2744009744523748,0.2434884964458485,4.425564936688366
38,KrugerLowerSabie2022-B23,B23,0.9317073170731708,0.7658536585365854,0.9317073170731708,0.7658536585365854,B23,B,23.0,Sep 26 2022,Lower Sabie west,60,40.0,35.0,10.0,10.0,80.99,No trees,,10.5,0.0511987060308456,0.081703208386898,0.1220000013709068,0.1786163598299026,0.2786293673515319,0.3059999942779541,0.1327227503061294,0.0611742176115512,1.0,0.0,0.25,0.8243305280183766,0.0483870967741935,0.6838182050827774,0.7054280042648315,0.0,0.25,0.0,0.0,0.6474227499422262,3.0635323299711175,2.7008394846996207,3.0635323299711175,2.7008394846996207,0.3829415412463897,0.3858342120999458,4.3943256902608985
39,KrugerLowerSabie2022-A22,A22,0.8321927257703621,0.044627958930983765,0.8471502590673575,0.0595854922279792,A22,A,22.0,Sep 26 2022,Lower Sabie west,50,5.0,7.0,14.0,17.0,47.08,No trees,,7.0,0.05176343023777,0.0547332735732197,0.058966165408492,0.0697067771106958,0.4932069456577297,0.612130343914032,0.1062941774725914,0.1526553332805633,1.0,0.0,0.05,0.7004723921318972,0.0483870967741935,,0.9574164748191832,0.0,0.05,0.0,0.0,0.2066035649759977,3.2207913184114303,0.12255507401027366,3.2207913184114303,0.12255507401027366,0.4025989148014288,0.01750786771575338,3.851848282392076
40,KrugerLowerSabie2022-B25,B25,0.9789473684210528,0.9298245614035088,0.9789473684210528,0.9298245614035088,B25,B,25.0,Sep 26 2022,Lower Sabie west,100,60.0,55.0,30.0,60.0,99.75,No trees,,17.0,0.0516235530376434,0.1214218735694885,0.1640092134475708,0.2345078326761722,0.4446201741695403,0.5694444179534912,0.188916876912117,0.0966022238135337,1.0,0.0,0.25,0.4723084465697406,0.064516129032258,0.7854625938090474,0.7256069183349609,0.0,0.25,0.0,0.0,0.8439381638306056,3.1594153937626213,3.058674674984722,3.1594153937626213,3.058674674984722,0.39492692422032766,0.4369535249978174,4.602667055769973
41,KrugerLowerSabie2022-A23,A23,0.9944444444444444,0.9944444444444444,0.9944444444444444,0.9944444444444444,A23,A,23.0,Sep 26 2022,Lower Sabie west,90,55.0,80.0,40.0,60.0,145.72,No trees,,32.0,0.0771208703517913,0.2029200419783592,0.2548609375953674,0.3060093075037002,0.4014029097557068,0.4441951513290405,0.2553842961788177,0.0763687118887901,1.0,0.0,0.5,1.1508765697537024,0.0483870967741935,0.7210613129567109,0.4265951812267303,0.0,0.5,0.0,0.0,0.9996362254978148,2.7607718488674484,2.7607718488674484,2.7607718488674484,2.7607718488674484,0.34509648110843105,0.3943959784096355,4.981686972140363
42,KrugerLowerSabie2022-A24,A24,0.9969325153374232,0.9846625766871164,0.9969325153374232,0.9846625766871164,A24,A,24.0,Sep 26 2022,Lower Sabie west,95,75.0,55.0,80.0,65.0,175.72,No trees,,17.0,0.0925667136907577,0.2003040909767151,0.2539603412151336,0.3420386910438537,0.4448038697242737,0.4740000069141388,0.268850713968277,0.0904975906014442,1.0,0.0,0.25,0.5402434422241627,0.0483870967741935,0.7616872969742735,0.472778171300888,0.0,0.25,0.0,0.0,0.9873131876292512,2.7368528366913862,2.712161165046788,2.7368528366913862,2.712161165046788,0.3421066045864233,0.38745159500668397,5.1688918191075786
43,KrugerLowerSabie2022-A25,A25,0.8837209302325582,0.4372093023255814,0.8906976744186047,0.4441860465116279,A25,A,25.0,Sep 26 2022,Lower Sabie west,60,30.0,10.0,2.0,18.0,49.69,No trees,,7.0,0.0500255115330219,0.0554082738235592,0.0632991567254066,0.0911398511379957,0.2363624393939952,0.5562405586242676,0.0856913700699806,0.0740464106202125,1.0,0.0,0.05,0.1321602003439567,0.064516129032258,0.7798629182348368,0.9169862866401672,0.0,0.05,0.0,0.0,0.4188543144110599,2.346726426012077,1.1636973559798105,2.346726426012077,1.1636973559798105,0.29334080325150963,0.1662424794256872,3.9058037056142294
44,KrugerLowerSabie2022-B26,B26,0.939287285543216,0.6040917548169591,0.9441340782122905,0.6089385474860335,B26,B,26.0,Sep 26 2022,Lower Sabie west,85,15.0,22.0,30.0,15.0,86.5,No trees,,11.5,0.0513906329870224,0.0649411529302597,0.0787780955433845,0.0989999994635582,0.1522955965995789,0.5253241062164307,0.089424543082714,0.048948623239994,1.0,0.0,0.25,1.5743290558600485,0.0483870967741935,0.7009900545956663,0.8819235563278198,0.0,0.25,0.0,0.0,0.5331060280589189,2.67714099415467,1.860616368696219,2.67714099415467,1.860616368696219,0.3346426242693338,0.26580233838517414,4.460144413937833
45,KrugerLowerSabie2022-B27,B27,0.9134615384615384,0.31730769230769235,0.9254807692307692,0.3293269230769231,B27,B,27.0,Sep 26 2022,Lower Sabie west,40,2.0,3.0,6.0,0.0,18.47,No trees,,2.0,0.0500639118254184,0.0551938116550445,0.0622991919517517,0.0717376545071601,0.5662471795082092,0.6053133606910706,0.0859841182827949,0.1051315143704414,1.0,0.0,0.05,0.0886134892867942,0.0483870967741935,,0.9294317364692688,0.0,0.05,0.0,0.0,0.3553703393655618,2.6010486974461795,0.7876061357301718,2.6010486974461795,0.7876061357301718,0.32513108718077244,0.1125151622471674,2.9161477942111484
46,KrugerLowerSabie2022-A26,A26,0.9450001468730701,0.0798685679257016,0.9572368421052632,0.0921052631578947,A26,A,26.0,Sep 26 2022,Lower Sabie west,85,5.0,5.0,2.0,3.0,34.09,No trees,,2.0,0.0501477159559726,0.0519686797633767,0.0540867429226636,0.0589480316266417,0.1327040858566761,0.1675876826047897,0.0614349842071533,0.0232401620596647,1.0,0.0,0.05,0.6481096638579513,0.032258064516129,0.3073817631731983,0.7761422395706177,0.0,0.05,0.0,0.0,0.2234288903529521,4.200164940781972,0.1932536713781433,4.200164940781972,0.1932536713781433,0.5250206175977465,0.02760766733973476,3.529004086149812
47,KrugerLowerSabie2022-A27,A27,0.8755760368663594,0.1705069124423963,0.8755760368663594,0.1705069124423963,A27,A,27.0,Sep 26 2022,Lower Sabie west,15,0.0,3.0,0.0,0.0,14.5,No trees;near termite mound,,2.0,0.0501506850123405,0.0527456514537334,0.0602307692170143,0.0698257386684417,0.1089707314968109,0.1167292892932891,0.0644320026040077,0.015216339379549,1.0,0.0,0.05,0.5007957177435989,0.032258064516129,0.4566890773742191,0.7125058770179749,0.0,0.05,0.0,0.0,0.2683076212463454,2.8159095456620733,0.37388100530049845,2.8159095456620733,0.37388100530049845,0.35198869320775916,0.053411572185785496,2.6741486494265287
48,KrugerLowerSabie2022-A28,A28,0.9951690821256038,0.9758454106280192,0.9951690821256038,0.9758454106280192,A28,A,28.0,Sep 26 2022,Lower Sabie west,100,95.0,75.0,70.0,65.0,118.79,No trees,,17.0,0.0611764751374721,0.2111599706113338,0.2645582556724548,0.3217853978276253,0.4126139253377914,0.5332842469215393,0.2619103491306305,0.0824971199035644,1.0,0.0,0.5,1.1611254935391135,0.064516129032258,0.8007677617769089,0.5105051398277283,0.0,0.5,0.0,0.0,1.0084275646152432,2.768284946899201,2.729259318452037,2.768284946899201,2.729259318452037,0.3460356183624001,0.389894188350291,4.777357228301448
49,KrugerLowerSabie2022-A30,A30,0.9951923076923076,0.971153846153846,0.9951923076923076,0.971153846153846,A30,A,30.0,Sep 26 2022,Lower Sabie west,90,65.0,55.0,60.0,55.0,161.88,No trees,,28.0,0.0570392608642578,0.1901195086538791,0.2683660238981247,0.334870882332325,0.4376821672916411,0.4710244238376617,0.2603853642940521,0.0950998738408088,1.0,0.0,0.5,1.131431882278244,0.0483870967741935,0.7980895184987085,0.4468407034873962,0.0,0.5,0.0,0.0,0.9892469780678768,2.7287508882573306,2.680086686938269,2.7287508882573306,2.680086686938269,0.3410938610321663,0.38286952670546703,5.086855320007665
50,KrugerLowerSabie2022-A29,A29,0.41927964018840386,0.2923181565935394,0.7456015216357584,0.618640038040894,A29,A,29.0,Sep 26 2022,Lower Sabie west,30,10.0,17.0,0.0,15.0,140.27,Beneath Bolucusthes,,10.0,0.0503635294735431,0.1489636562764644,1.2480644583702087,1.7336266934871674,2.32779776096344,2.585713148117065,1.055047869682312,0.7715942859649658,2.0,1.5,1.75,0.7260752350912799,0.1935483870967742,2.133317884051226,0.7111002206802368,0.4285714285714285,1.0,0.75,1.3333333333333333,0.6705095164080657,1.5946966439941959,1.3231454349496676,1.371136588180272,1.099585379135744,0.171392073522534,0.15708362559082056,4.94356913673158
51,KrugerLowerSabie2022-B30,B30,0.9719407511213879,0.7748081346339327,0.974910394265233,0.7777777777777778,B30,B,30.0,Sep 26 2022,Lower Sabie west,80,15.0,10.0,25.0,15.0,55.58,No trees,,9.0,0.050000000745058,0.066767644137144,0.0835521034896373,0.1019290536642074,0.1683458569645881,0.6159999966621399,0.0912681892514228,0.0569759868085384,1.0,0.0,0.25,1.1332297976320576,0.0483870967741935,0.5659439103680627,0.8813159465789795,0.0,0.25,0.0,0.0,0.6464336953584012,3.3981774081240936,2.959045948191442,3.3981774081240936,2.959045948191442,0.4247721760155117,0.42272084974163454,4.017823424314357
52,KrugerLowerSabie2022-B28,B28,0.8847926267281107,0.207373271889401,0.8870967741935484,0.2096774193548387,B28,B,28.0,Sep 26 2022,Lower Sabie west,5,2.0,0.0,0.0,0.0,0.0,Bareground,,0.0,0.0502324625849723,0.0565189598128199,0.0626840591430664,0.0707875788211822,0.1370377048850067,0.6202608942985535,0.075733944773674,0.0816339626908302,1.0,0.0,0.05,0.6085873231924147,0.0483870967741935,0.5387716383256244,0.9506204724311828,0.0,0.05,0.0,0.0,0.2894925908295015,2.7322235886320447,0.46941936564984316,2.7322235886320447,0.46941936564984316,0.3415279485790056,0.06705990937854903,0.0
53,KrugerLowerSabie2022-B8,B8,0.907103825136612,0.3934426229508196,0.907103825136612,0.3934426229508196,B8,B,8.0,Sep 26 2022,Lower Sabie west,30,0.0,0.0,5.5,0.0,2.39,No trees,,2.0,0.0500045120716095,0.0537843890488147,0.0572281386703252,0.0601480640470981,0.0700398780405521,0.0721120163798332,0.0573654919862747,0.0050576967187225,1.0,0.0,0.05,0.7080169515484089,0.032258064516129,0.6702631314489342,0.3664277791976928,0.0,0.05,0.0,0.0,0.3940163492558997,2.441611469276736,0.9999119030581736,2.441611469276736,0.9999119030581736,0.305201433659592,0.14284455757973907,0.8712933659434193
54,KrugerLowerSabie2022-B7,B7,0.2391124463784805,0.19062759789363215,0.7797979797979797,0.7313131313131314,B7,B,7.0,Sep 26 2022,Lower Sabie west,95,10.0,15.0,25.0,15.0,63.07,Beneath A.nigrescens,,12.0,0.0503673888742923,1.582411706447601,3.1783851385116577,3.959690511226654,4.33794939994812,4.587136268615723,2.590589761734009,1.5627363920211792,3.0,2.0,4.0,0.909397160728018,0.3064516129032258,2.426124585462004,0.3462204933166504,0.5,2.083333333333333,1.532064692570853,1.359820733051053,0.6338841311230755,1.6596763440204263,1.5602770069158818,0.6029794857377235,0.5035801486331789,0.07537243571721544,0.07194002123331127,4.144245220675559
